<?xml version="1.0" encoding="UTF-8"?>

<ImplementationGuide xmlns="http://hl7.org/fhir">
  <id value="de.uni-greifswald.medizin.cll-guideline"/>
  <text>
    <status value="generated"/><div xmlns="http://www.w3.org/1999/xhtml"><p class="res-header-id"><b>Generated Narrative: ImplementationGuide de.uni-greifswald.medizin.cll-guideline</b></p><a name="de.uni-greifswald.medizin.cll-guideline"> </a><a name="hcde.uni-greifswald.medizin.cll-guideline"> </a><a name="de.uni-greifswald.medizin.cll-guideline-en-US"> </a><h2>CLL_Guidelines_QI</h2><p>The official URL for this implementation guide is: </p><pre>https://www.medizin.uni-greifswald.de/fhir/guideline/cll/ImplementationGuide/de.uni-greifswald.medizin.cll-guideline</pre></div>
  </text>
  <url value="https://www.medizin.uni-greifswald.de/fhir/guideline/cll/ImplementationGuide/de.uni-greifswald.medizin.cll-guideline"/>
  <version value="0.2.0"/>
  <name value="CLL_Guidelines_QI"/>
  <title value="Chronisch Lymphatische Leukämie Guidline and Quality indicator"/>
  <status value="draft"/>
  <date value="2025-01-16T09:02:23+00:00"/>
  <publisher value="Universitätsmedizin Greifswald, Klink für Anästhesie, Intensiv-, Notfall- und Schmerzmedizin"/>
  <contact>
    <name value="Universitätsmedizin Greifswald, Klink für Anästhesie, Intensiv-, Notfall- und Schmerzmedizin"/>
    <telecom>
      <system value="url"/>
      <value value="https://www.medizin.uni-greifswald.de/intensiv/"/>
    </telecom>
  </contact>
  <packageId value="de.uni-greifswald.medizin.cll-guideline"/>
  <license value="CC0-1.0"/>
  <fhirVersion value="5.0.0"/>
  <dependsOn id="hl7tx">
    <extension url="http://hl7.org/fhir/tools/StructureDefinition/implementationguide-dependency-comment">
      <valueMarkdown value="Automatically added as a dependency - all IGs depend on HL7 Terminology"/>
    </extension>
    <uri value="http://terminology.hl7.org/ImplementationGuide/hl7.terminology"/>
    <packageId value="hl7.terminology.r5"/>
    <version value="6.1.0"/>
  </dependsOn>
  <dependsOn id="hl7ext">
    <extension url="http://hl7.org/fhir/tools/StructureDefinition/implementationguide-dependency-comment">
      <valueMarkdown value="Automatically added as a dependency - all IGs depend on the HL7 Extension Pack"/>
    </extension>
    <uri value="http://hl7.org/fhir/extensions/ImplementationGuide/hl7.fhir.uv.extensions"/>
    <packageId value="hl7.fhir.uv.extensions.r5"/>
    <version value="5.1.0"/>
  </dependsOn>
  <dependsOn id="de_netzwerk_universitaetsmedizin_ebm_cpg">
    <uri value="https://www.netzwerk-universitaetsmedizin.de/fhir/cpg-on-ebm-on-fhir/ImplementationGuide/de.netzwerk-universitaetsmedizin.ebm-cpg"/>
    <packageId value="de.netzwerk-universitaetsmedizin.ebm-cpg"/>
    <version value="1.0.2"/>
  </dependsOn>
  <definition>
    <extension url="http://hl7.org/fhir/tools/StructureDefinition/ig-internal-dependency">
      <valueCode value="hl7.fhir.uv.tools.r5#0.3.0"/>
    </extension>
    <resource>
      <extension url="http://hl7.org/fhir/tools/StructureDefinition/resource-information">
        <valueString value="ActivityDefinition"/>
      </extension>
      <reference>
        <reference value="ActivityDefinition/AbdomialUltrasonographyCLL"/>
      </reference>
      <name value="Abdomial Ultrasonography CLL"/>
      <description value="Abdomensonographie bei CLL"/>
      <isExample value="false"/>
    </resource>
    <resource>
      <extension url="http://hl7.org/fhir/tools/StructureDefinition/resource-information">
        <valueString value="ActivityDefinition"/>
      </extension>
      <reference>
        <reference value="ActivityDefinition/AssessmentComorbiditiesCLL"/>
      </reference>
      <name value="Assesment Comorbidities CLL"/>
      <description value="Assesment Comorbidities CLL"/>
      <isExample value="false"/>
    </resource>
    <resource>
      <extension url="http://hl7.org/fhir/tools/StructureDefinition/resource-information">
        <valueString value="ActivityDefinition"/>
      </extension>
      <reference>
        <reference value="ActivityDefinition/AssessmentECOGScoreCLL"/>
      </reference>
      <name value="Assesment ECOG Score CLL"/>
      <description value="Assesment of the ECOG Score CLL"/>
      <isExample value="false"/>
    </resource>
    <resource>
      <extension url="http://hl7.org/fhir/tools/StructureDefinition/resource-information">
        <valueString value="ActivityDefinition"/>
      </extension>
      <reference>
        <reference value="ActivityDefinition/AssessmentKarnofskyIndexCLL"/>
      </reference>
      <name value="Assesment Karnofsky-Index CLL"/>
      <description value="Assesment Karnofsky-Index CLL"/>
      <isExample value="false"/>
    </resource>
    <resource>
      <extension url="http://hl7.org/fhir/tools/StructureDefinition/resource-information">
        <valueString value="ActivityDefinition"/>
      </extension>
      <reference>
        <reference value="ActivityDefinition/BinetStagingCLL"/>
      </reference>
      <name value="Binet Staging CLL"/>
      <description value="Bestimmung des aktuellen klinischen Stadiums (Binet Staging) CLL"/>
      <isExample value="false"/>
    </resource>
    <resource>
      <extension url="http://hl7.org/fhir/tools/StructureDefinition/resource-information">
        <valueString value="ActivityDefinition"/>
      </extension>
      <reference>
        <reference value="ActivityDefinition/ClinicalChemistryTestCLL"/>
      </reference>
      <name value="Clinical Chemistry Test CLL"/>
      <description value="Klinische Chemie"/>
      <isExample value="false"/>
    </resource>
    <resource>
      <extension url="http://hl7.org/fhir/tools/StructureDefinition/resource-information">
        <valueString value="PlanDefinition"/>
      </extension>
      <reference>
        <reference value="PlanDefinition/CLLTherapieindikationBinetAB"/>
      </reference>
      <name value="CLL Therapieindikation Binet A B"/>
      <description value="Die Indikation zur Therapie in Abhängigkeit der Symptomatik wenn Binet A oder B vorliegt"/>
      <isExample value="false"/>
    </resource>
    <resource>
      <extension url="http://hl7.org/fhir/tools/StructureDefinition/resource-information">
        <valueString value="PlanDefinition"/>
      </extension>
      <reference>
        <reference value="PlanDefinition/CLLTherapieindikationBinetC"/>
      </reference>
      <name value="CLL Therapieindikation Binet C"/>
      <description value="Die Indikation zur Therapie besteht bei Übergang in Stadium Binet C"/>
      <isExample value="false"/>
    </resource>
    <resource>
      <extension url="http://hl7.org/fhir/tools/StructureDefinition/resource-information">
        <valueString value="ActivityDefinition"/>
      </extension>
      <reference>
        <reference value="ActivityDefinition/CLLPatientInCLLRelapseStudy"/>
      </reference>
      <name value="CLLPatientInCLLRelapseStudy"/>
      <description value="CLLPatientInCLLRelapseStudy"/>
      <isExample value="false"/>
    </resource>
    <resource>
      <extension url="http://hl7.org/fhir/tools/StructureDefinition/resource-information">
        <valueString value="CodeSystem"/>
      </extension>
      <reference>
        <reference value="CodeSystem/cll-v2"/>
      </reference>
      <name value="CLL_V2"/>
      <description value="Concepts required in recommendations that are not defined elsewhere"/>
      <isExample value="false"/>
    </resource>
    <resource>
      <extension url="http://hl7.org/fhir/tools/StructureDefinition/resource-information">
        <valueString value="ActivityDefinition"/>
      </extension>
      <reference>
        <reference value="ActivityDefinition/CMVAntibodyIgGCLL"/>
      </reference>
      <name value="CMV IgG Antibody CLL"/>
      <description value="CMV IgG Antikörper Bestimmung"/>
      <isExample value="false"/>
    </resource>
    <resource>
      <extension url="http://hl7.org/fhir/tools/StructureDefinition/resource-information">
        <valueString value="ActivityDefinition"/>
      </extension>
      <reference>
        <reference value="ActivityDefinition/CMVAntibodyIgMCLL"/>
      </reference>
      <name value="CMV IgM Antibody CLL"/>
      <description value="CMV IgM Antikörper Bestimmung"/>
      <isExample value="false"/>
    </resource>
    <resource>
      <extension url="http://hl7.org/fhir/tools/StructureDefinition/resource-information">
        <valueString value="ActivityDefinition"/>
      </extension>
      <reference>
        <reference value="ActivityDefinition/CMVPCRCLL"/>
      </reference>
      <name value="CMV PCR CLL"/>
      <description value="CMV PCR Viruslast Bestimmung"/>
      <isExample value="false"/>
    </resource>
    <resource>
      <extension url="http://hl7.org/fhir/tools/StructureDefinition/resource-information">
        <valueString value="ActivityDefinition"/>
      </extension>
      <reference>
        <reference value="ActivityDefinition/CompleteBloodCountAutomatedCLL"/>
      </reference>
      <name value="Complete Blood Count and White cell Differential Automated CLL"/>
      <description value="Maschinelles Differentialblutbild CLL"/>
      <isExample value="false"/>
    </resource>
    <resource>
      <extension url="http://hl7.org/fhir/tools/StructureDefinition/resource-information">
        <valueString value="ActivityDefinition"/>
      </extension>
      <reference>
        <reference value="ActivityDefinition/ErstlinieMitBCL2beiCLL"/>
      </reference>
      <name value="Erstlinienterapie mit BCL2-Inhibitor bei CLL"/>
      <description value="Erstlinienterapie mit BCL2-Inhibitor bei CLL"/>
      <isExample value="false"/>
    </resource>
    <resource>
      <extension url="http://hl7.org/fhir/tools/StructureDefinition/resource-information">
        <valueString value="ActivityDefinition"/>
      </extension>
      <reference>
        <reference value="ActivityDefinition/RezidivtherapieMitBCL2beiCLL"/>
      </reference>
      <name value="Erstlinienterapie mit BCL2-Inhibitor bei CLL"/>
      <description value="Erstlinienterapie mit BCL2-Inhibitor bei CLL"/>
      <isExample value="false"/>
    </resource>
    <resource>
      <extension url="http://hl7.org/fhir/tools/StructureDefinition/resource-information">
        <valueString value="PlanDefinition"/>
      </extension>
      <reference>
        <reference value="PlanDefinition/ErstlinieBCL2undBTKbeiCLL"/>
      </reference>
      <name value="Erstlinientherapie mit BCL-2- und oder BTK-Inhibitor bei CLL"/>
      <description value="Patient*innen mit CLL sollen in der Erstlinienbehandlung mit einer BCL-2-Inhibitor- und/oder BTK-Inhibitor-basierten Therapie behandelt werden."/>
      <isExample value="false"/>
    </resource>
    <resource>
      <extension url="http://hl7.org/fhir/tools/StructureDefinition/resource-information">
        <valueString value="ActivityDefinition"/>
      </extension>
      <reference>
        <reference value="ActivityDefinition/ExaminationLiverSizeCLL"/>
      </reference>
      <name value="Examination liver size CLL"/>
      <description value="Abschätzung der Lebergröße bei CLL"/>
      <isExample value="false"/>
    </resource>
    <resource>
      <extension url="http://hl7.org/fhir/tools/StructureDefinition/resource-information">
        <valueString value="ActivityDefinition"/>
      </extension>
      <reference>
        <reference value="ActivityDefinition/ExaminationLymphaticNodesCLL"/>
      </reference>
      <name value="Examination Lymphatic nodes CLL"/>
      <description value="vollständiger Erhebung des peripheren Lymphknotenstatus"/>
      <isExample value="false"/>
    </resource>
    <resource>
      <extension url="http://hl7.org/fhir/tools/StructureDefinition/resource-information">
        <valueString value="ActivityDefinition"/>
      </extension>
      <reference>
        <reference value="ActivityDefinition/ExaminationSpleenSizeCLL"/>
      </reference>
      <name value="Examination spleen size CLL"/>
      <description value="Abschätzung der Milzgröße bei CLL"/>
      <isExample value="false"/>
    </resource>
    <resource>
      <extension url="http://hl7.org/fhir/tools/StructureDefinition/resource-information">
        <valueString value="ActivityDefinition"/>
      </extension>
      <reference>
        <reference value="ActivityDefinition/TP53andDEL17pCLL"/>
      </reference>
      <name value="FISH hinsichtlich TP53 und DEL17p"/>
      <description value="TP53-Deletions- und Mutationsstatus (FISH hinsichtlich del17p und TP53-Mutationsanalyse ≤ 12 Wochen vor Therapiebeginn)"/>
      <isExample value="false"/>
    </resource>
    <resource>
      <extension url="http://hl7.org/fhir/tools/StructureDefinition/resource-information">
        <valueString value="ActivityDefinition"/>
      </extension>
      <reference>
        <reference value="ActivityDefinition/HBVSerologyCLL"/>
      </reference>
      <name value="HBV Serology CLL"/>
      <description value="HBV Serologie"/>
      <isExample value="false"/>
    </resource>
    <resource>
      <extension url="http://hl7.org/fhir/tools/StructureDefinition/resource-information">
        <valueString value="ActivityDefinition"/>
      </extension>
      <reference>
        <reference value="ActivityDefinition/HCVSerologyCLL"/>
      </reference>
      <name value="HCV Serology CLL"/>
      <description value="HCV Serologie"/>
      <isExample value="false"/>
    </resource>
    <resource>
      <extension url="http://hl7.org/fhir/tools/StructureDefinition/resource-information">
        <valueString value="ActivityDefinition"/>
      </extension>
      <reference>
        <reference value="ActivityDefinition/HEVSerologyCLL"/>
      </reference>
      <name value="HEV Serology CLL"/>
      <description value="HEV Serologie"/>
      <isExample value="false"/>
    </resource>
    <resource>
      <extension url="http://hl7.org/fhir/tools/StructureDefinition/resource-information">
        <valueString value="ActivityDefinition"/>
      </extension>
      <reference>
        <reference value="ActivityDefinition/HistoryTakingCLL"/>
      </reference>
      <name value="History Taking CLL"/>
      <description value="Anamnese bei CLL Patienten"/>
      <isExample value="false"/>
    </resource>
    <resource>
      <extension url="http://hl7.org/fhir/tools/StructureDefinition/resource-information">
        <valueString value="ActivityDefinition"/>
      </extension>
      <reference>
        <reference value="ActivityDefinition/HIVSerologyCLL"/>
      </reference>
      <name value="HIV Serology CLL"/>
      <description value="HIV Serologie"/>
      <isExample value="false"/>
    </resource>
    <resource>
      <extension url="http://hl7.org/fhir/tools/StructureDefinition/resource-information">
        <valueString value="ActivityDefinition"/>
      </extension>
      <reference>
        <reference value="ActivityDefinition/IGHVmutationCLL"/>
      </reference>
      <name value="IGHV-Mutationsstatus"/>
      <description value="Bekannter IGHV-Mutationsstatus vor Therapiebeginn"/>
      <isExample value="false"/>
    </resource>
    <resource>
      <extension url="http://hl7.org/fhir/tools/StructureDefinition/resource-information">
        <valueString value="ActivityDefinition"/>
      </extension>
      <reference>
        <reference value="ActivityDefinition/PhysicalExaminationCLL"/>
      </reference>
      <name value="Physical Examination CLL"/>
      <description value="Körperliche Untersuchung bei CLL Patienten"/>
      <isExample value="false"/>
    </resource>
    <resource>
      <extension url="http://hl7.org/fhir/tools/StructureDefinition/resource-information">
        <valueString value="EvidenceVariable"/>
      </extension>
      <reference>
        <reference value="EvidenceVariable/PopulationQIRezidivKlinischeStudien"/>
      </reference>
      <name value="Population CLL Rezidiv einschluss in klinische Studien"/>
      <description value="Population CLL Pat. mit Rezidiv"/>
      <isExample value="false"/>
    </resource>
    <resource>
      <extension url="http://hl7.org/fhir/tools/StructureDefinition/resource-information">
        <valueString value="EvidenceVariable"/>
      </extension>
      <reference>
        <reference value="EvidenceVariable/PopulationQIMedikationErstlinienTherapie"/>
      </reference>
      <name value="Population für CLL Erstlinien-Therapie"/>
      <description value="Patient*innen mit CLL sollen in der Erstlinienbehandlung mit einer Bcl-2- oder BTK-Inhibitor-basierten Therapie behandelt werden."/>
      <isExample value="false"/>
    </resource>
    <resource>
      <extension url="http://hl7.org/fhir/tools/StructureDefinition/resource-information">
        <valueString value="EvidenceVariable"/>
      </extension>
      <reference>
        <reference value="EvidenceVariable/PopulationQIMutationsstatusVorTherapie"/>
      </reference>
      <name value="Population Genetischer Mutationsstatus vor Therapie"/>
      <description value="Population mit einer Chronisch Lymphatische Leukämie unter Erstlinientherapie"/>
      <isExample value="false"/>
    </resource>
    <resource>
      <extension url="http://hl7.org/fhir/tools/StructureDefinition/resource-information">
        <valueString value="EvidenceVariable"/>
      </extension>
      <reference>
        <reference value="EvidenceVariable/PopulationCLLOnkoTherapieIdelalisib"/>
      </reference>
      <name value="Population: CLL onkologische Therapielinie mit Idelalisib Frauen"/>
      <description value="Population, die eine Chronisch Lymphatische Leukämie hat und die mit Idelalisib behandelt werden"/>
      <isExample value="false"/>
    </resource>
    <resource>
      <extension url="http://hl7.org/fhir/tools/StructureDefinition/resource-information">
        <valueString value="EvidenceVariable"/>
      </extension>
      <reference>
        <reference value="EvidenceVariable/PopulationCLLBinetAB"/>
      </reference>
      <name value="Population: CLL und Binet Stadium AB "/>
      <description value="Population, bei der Binet A oder B sowie eine bestimmte klinische Symptomatik vorliegt"/>
      <isExample value="false"/>
    </resource>
    <resource>
      <extension url="http://hl7.org/fhir/tools/StructureDefinition/resource-information">
        <valueString value="EvidenceVariable"/>
      </extension>
      <reference>
        <reference value="EvidenceVariable/PopulationCLLBinetC"/>
      </reference>
      <name value="Population: CLL und Binet Stadium C"/>
      <description value="Population, die eine Chronisch Lymphatische Leukämie hat und bei der eine Binet Stadium C vorliegt"/>
      <isExample value="false"/>
    </resource>
    <resource>
      <extension url="http://hl7.org/fhir/tools/StructureDefinition/resource-information">
        <valueString value="EvidenceVariable"/>
      </extension>
      <reference>
        <reference value="EvidenceVariable/PopulationCLLErstlinientherapie"/>
      </reference>
      <name value="Population: CLL und Erstlinientherapie"/>
      <description value="Population, die eine Chronisch Lymphatische Leukämie hat und eine Erstlinientherapie bekommt"/>
      <isExample value="false"/>
    </resource>
    <resource>
      <extension url="http://hl7.org/fhir/tools/StructureDefinition/resource-information">
        <valueString value="EvidenceVariable"/>
      </extension>
      <reference>
        <reference value="EvidenceVariable/PopulationCLLPlanungOnkoTherapie"/>
      </reference>
      <name value="Population: CLL und Planung Onkologische Therapielinie"/>
      <description value="Population mit einer Chronisch Lymphatische Leukämie und einem behandlungsbedürftigen Progress"/>
      <isExample value="false"/>
    </resource>
    <resource>
      <extension url="http://hl7.org/fhir/tools/StructureDefinition/resource-information">
        <valueString value="EvidenceVariable"/>
      </extension>
      <reference>
        <reference value="EvidenceVariable/PopulationCLLPlanungOnkoTherapieFertileFemale"/>
      </reference>
      <name value="Population: CLL und Planung Onkologische Therapielinie gebährfähige Frauen"/>
      <description value="Population mit einer Chronisch Lymphatische Leukämie, einem behandlungsbedürftigen Progress und weiblich in einem gebährfähigen Alter"/>
      <isExample value="false"/>
    </resource>
    <resource>
      <extension url="http://hl7.org/fhir/tools/StructureDefinition/resource-information">
        <valueString value="EvidenceVariable"/>
      </extension>
      <reference>
        <reference value="EvidenceVariable/PopulationCLLPlanungOnkoTherapieIdelalisib"/>
      </reference>
      <name value="Population: CLL und Planung Onkologische Therapielinie mit Idelalisib"/>
      <description value="Population mit einer Chronisch Lymphatische Leukämie, einem behandlungsbedürftigen Progress und bei der eine Therapieplanung mit Idelalisib ansteht"/>
      <isExample value="false"/>
    </resource>
    <resource>
      <extension url="http://hl7.org/fhir/tools/StructureDefinition/resource-information">
        <valueString value="EvidenceVariable"/>
      </extension>
      <reference>
        <reference value="EvidenceVariable/PopulationCLLRezidivtherapie"/>
      </reference>
      <name value="Population: CLL und Rezidivtherapie"/>
      <description value="Population, die eine Chronisch Lymphatische Leukämie hat und eine Rezidivtherapie bekommt"/>
      <isExample value="false"/>
    </resource>
    <resource>
      <extension url="http://hl7.org/fhir/tools/StructureDefinition/resource-information">
        <valueString value="ActivityDefinition"/>
      </extension>
      <reference>
        <reference value="ActivityDefinition/PregnancyTestbHCGCLL"/>
      </reference>
      <name value="Pregnancy Test betaHCG CLL"/>
      <description value="Pregnancy Test betaHCG CLL"/>
      <isExample value="false"/>
    </resource>
    <resource>
      <extension url="http://hl7.org/fhir/tools/StructureDefinition/resource-information">
        <valueString value="PlanDefinition"/>
      </extension>
      <reference>
        <reference value="PlanDefinition/QIMutationsstatusVorTherapie"/>
      </reference>
      <name value="QI 2: Bestimmung TP53-Deletions- und TP53-/IGHV-Mutationsstatus vor erster systemischer CLL-Therapie (modifiziert 2024)"/>
      <description value="Folgende Untersuchungsverfahren sollen vor Einleitung einer neuen Therapielinie zur Anwendung kommen: (I) Bestimmung des TP53-Deletions- und Mutationsstatus (FISH hinsichtlich del(17)(p13) und TP53-Mutationsanalyse); (II) Erhebung des IGHV-Mutationsstatus (sofern noch nicht bekannt)"/>
      <isExample value="false"/>
    </resource>
    <resource>
      <extension url="http://hl7.org/fhir/tools/StructureDefinition/resource-information">
        <valueString value="PlanDefinition"/>
      </extension>
      <reference>
        <reference value="PlanDefinition/RecCollectionQIMutationsstatusVorTherapie"/>
      </reference>
      <name value="QI 2: Bestimmung TP53-Deletions- und TP53-/IGHV-Mutationsstatus vor erster systemischer CLL-Therapie (modifiziert 2024)"/>
      <description value="Folgende Untersuchungsverfahren sollen vor Einleitung einer neuen Therapielinie zur Anwendung kommen: (I) Bestimmung des TP53-Deletions- und Mutationsstatus (FISH hinsichtlich del(17)(p13) und TP53-Mutationsanalyse); (II) Erhebung des IGHV-Mutationsstatus (sofern noch nicht bekannt)"/>
      <isExample value="false"/>
    </resource>
    <resource>
      <extension url="http://hl7.org/fhir/tools/StructureDefinition/resource-information">
        <valueString value="PlanDefinition"/>
      </extension>
      <reference>
        <reference value="PlanDefinition/RecCollectionQIRezidivKlinischeStudien"/>
      </reference>
      <name value="QI 4: Einschluss von CLL-Pat. mit Rezidiv in klinische Studien (modifiziert 2024)"/>
      <description value="Patient*innen mit einem Rezidiv sollen, sofern eine passende klinische Studie verfügbar ist, die Therapie im Rahmen einer klinischen Studie angeboten werden."/>
      <isExample value="false"/>
    </resource>
    <resource>
      <extension url="http://hl7.org/fhir/tools/StructureDefinition/resource-information">
        <valueString value="PlanDefinition"/>
      </extension>
      <reference>
        <reference value="PlanDefinition/QIRezidivKlinischeStudien"/>
      </reference>
      <name value="QI 4: Einschluss von CLL-Pat. mit Rezidiv in klinische Studien (modifiziert 2024))"/>
      <description value="Patient*innen mit einem Rezidiv sollen, sofern eine passende klinische Studie verfügbar ist, die Therapie im Rahmen einer klinischen Studie angeboten werden.)"/>
      <isExample value="false"/>
    </resource>
    <resource>
      <extension url="http://hl7.org/fhir/tools/StructureDefinition/resource-information">
        <valueString value="PlanDefinition"/>
      </extension>
      <reference>
        <reference value="PlanDefinition/QICLLErstlinienTherapie"/>
      </reference>
      <name value="QI 5: Bcl-2- oder BTK-Inhibitor-basierten Therapie als Erstlinientherapie (neu 2024)"/>
      <description value="Patient*innen mit CLL sollen in der Erstlinienbehandlung mit einer Bcl-2- oder BTK-Inhibitor-basierten Therapie behandelt werden."/>
      <isExample value="false"/>
    </resource>
    <resource>
      <extension url="http://hl7.org/fhir/tools/StructureDefinition/resource-information">
        <valueString value="PlanDefinition"/>
      </extension>
      <reference>
        <reference value="PlanDefinition/RecCollectionQIMedikationErstlinienTherapie"/>
      </reference>
      <name value="QI 5: Bcl-2- oder BTK-Inhibitor-basierten Therapie als Erstlinientherapie (neu 2024)"/>
      <description value="Patient*innen mit CLL sollen in der Erstlinienbehandlung mit einer Bcl-2- oder BTK-Inhibitor-basierten Therapie behandelt werden."/>
      <isExample value="false"/>
    </resource>
    <resource>
      <extension url="http://hl7.org/fhir/tools/StructureDefinition/resource-information">
        <valueString value="PlanDefinition"/>
      </extension>
      <reference>
        <reference value="PlanDefinition/RecCollectionErstlinieBCL2undBTKbeiCLL"/>
      </reference>
      <name value="Recommendation Collection CLL: Erstlinien-Behandlung mit BCL-2-Inhib. Oder BTK-Inhibitor (4.3)"/>
      <description value="Patient*innen mit CLL sollen in der Erstlinienbehandlung mit einer BCL-2-Inhibitor- und/oder BTK-Inhibitor-basierten Therapie behandelt werden."/>
      <isExample value="false"/>
    </resource>
    <resource>
      <extension url="http://hl7.org/fhir/tools/StructureDefinition/resource-information">
        <valueString value="PlanDefinition"/>
      </extension>
      <reference>
        <reference value="PlanDefinition/RecCollectionRezidivtherapieBCL2undBTKbeiCLL"/>
      </reference>
      <name value="Recommendation Collection CLL: Rezidivbehandlung mit BCL-2-Inhib. Oder BTK-Inhibitor (5.4)"/>
      <description value="Als Rezidivtherapie sollen die zeitlich begrenzte, Venetoclax- basierte Behandlung oder die Dauertherapien mit einem BTK-Inhibitor (Acalabrutinib, Zanubrutinib, Ibrutinib) einer Chemoimmuntherapie vorgezogen werden."/>
      <isExample value="false"/>
    </resource>
    <resource>
      <extension url="http://hl7.org/fhir/tools/StructureDefinition/resource-information">
        <valueString value="PlanDefinition"/>
      </extension>
      <reference>
        <reference value="PlanDefinition/RecCollectionTherapieplanungBinetCLL"/>
      </reference>
      <name value="Recommendation Collection CLL: Therapieindikation nach Binet Stadium (4.1)"/>
      <description value="Die Indikation zur Therapie besteht in Abhängigkeit der Symptomatik oder bei Übergang in Stadium Binet C"/>
      <isExample value="false"/>
    </resource>
    <resource>
      <extension url="http://hl7.org/fhir/tools/StructureDefinition/resource-information">
        <valueString value="PlanDefinition"/>
      </extension>
      <reference>
        <reference value="PlanDefinition/RecCollectionUntersuchungenVorCLLPlanungOnkoTherapie"/>
      </reference>
      <name value="Recommendation Collection CLL: Untersuchungen vor Therapieeinleitung (3.11)"/>
      <description value="Folgende Untersuchungsverfahren sollen zeitnah vor Einleitung einer neuen Therapielinie zur Anwendung kommen:"/>
      <isExample value="false"/>
    </resource>
    <resource>
      <extension url="http://hl7.org/fhir/tools/StructureDefinition/resource-information">
        <valueString value="PlanDefinition"/>
      </extension>
      <reference>
        <reference value="PlanDefinition/RezidivBehandlungBCL2undBTKbeiCLL"/>
      </reference>
      <name value="Rezidivbehandlung mit BCL-2-Inhib. Oder Acalabrutinib"/>
      <description value="Als Rezidivtherapie sollen die zeitlich begrenzte, Venetoclax- basierte Behandlung oder die Dauertherapien mit einem Acalabrutinib (Acalabrutinib, Zanubrutinib, Ibrutinib) einer Chemoimmuntherapie vorgezogen werden."/>
      <isExample value="false"/>
    </resource>
    <resource>
      <extension url="http://hl7.org/fhir/tools/StructureDefinition/resource-information">
        <valueString value="ActivityDefinition"/>
      </extension>
      <reference>
        <reference value="ActivityDefinition/ErstlinieMitBTKbeiCLL"/>
      </reference>
      <name value="Rezidivtherapie mit BTK-Inhibitor bei CLL"/>
      <description value="Rezidivtherapie mit BTK-Inhibitor bei CLL"/>
      <isExample value="false"/>
    </resource>
    <resource>
      <extension url="http://hl7.org/fhir/tools/StructureDefinition/resource-information">
        <valueString value="ActivityDefinition"/>
      </extension>
      <reference>
        <reference value="ActivityDefinition/RezidivtherapieMitBTKbeiCLL"/>
      </reference>
      <name value="Rezidivtherapie mit BTK-Inhibitor bei CLL"/>
      <description value="Rezidivtherapie mit BTK-Inhibitor bei CLL"/>
      <isExample value="false"/>
    </resource>
    <resource>
      <extension url="http://hl7.org/fhir/tools/StructureDefinition/resource-information">
        <valueString value="ActivityDefinition"/>
      </extension>
      <reference>
        <reference value="ActivityDefinition/TherapieIndikationCLL"/>
      </reference>
      <name value="TherapieIndikationCLL"/>
      <description value="Therapie Indikation bei CLL"/>
      <isExample value="false"/>
    </resource>
    <resource>
      <extension url="http://hl7.org/fhir/tools/StructureDefinition/resource-information">
        <valueString value="PlanDefinition"/>
      </extension>
      <reference>
        <reference value="PlanDefinition/UntersuchungenVorCLLPlanungOnkoTherapie"/>
      </reference>
      <name value="Untersuchung vor Einleitung einer CLL Therapielinie "/>
      <description value="Untersuchung die vor der Einleitung einer CLL Therapielinie vorliegen sollen"/>
      <isExample value="false"/>
    </resource>
    <resource>
      <extension url="http://hl7.org/fhir/tools/StructureDefinition/resource-information">
        <valueString value="PlanDefinition"/>
      </extension>
      <reference>
        <reference value="PlanDefinition/UntersuchungenVorPlanungOnkoTherapieFertileFemale"/>
      </reference>
      <name value="Untersuchung vor Einleitung einer CLL Therapielinie bei gebährfähige Frauen"/>
      <description value="Untersuchung die vor der Einleitung einer CLL Therapielinie CLL und Planung Onkologische Therapielinie gebährfähige Frauen vorliegen sollen"/>
      <isExample value="false"/>
    </resource>
    <resource>
      <extension url="http://hl7.org/fhir/tools/StructureDefinition/resource-information">
        <valueString value="PlanDefinition"/>
      </extension>
      <reference>
        <reference value="PlanDefinition/UntersuchungenVorPlanungOnkoTherapieIdelalisib"/>
      </reference>
      <name value="Untersuchung vor Einleitung einer CLL Therapielinie mit Idelalisib"/>
      <description value="Untersuchung die vor der Einleitung einer CLL Therapielinie CLL und Planung Onkologische Therapielinie mit Idelalisib vorliegen sollen"/>
      <isExample value="false"/>
    </resource>
    <resource>
      <extension url="http://hl7.org/fhir/tools/StructureDefinition/resource-information">
        <valueString value="PlanDefinition"/>
      </extension>
      <reference>
        <reference value="PlanDefinition/UntersuchungenWhileTherapieIdelalisib"/>
      </reference>
      <name value="Untersuchung waehrend CLL Therapielinie mit Idelalisib"/>
      <description value="regelmäßige Untersuchung waehrend CLL Therapie mit Idelalisib"/>
      <isExample value="false"/>
    </resource>
    <resource>
      <extension url="http://hl7.org/fhir/tools/StructureDefinition/resource-information">
        <valueString value="ActivityDefinition"/>
      </extension>
      <reference>
        <reference value="ActivityDefinition/MicroscopyWhiteBloodCellCountCLL"/>
      </reference>
      <name value="White cell Differential Microscopy CLL"/>
      <description value="Mikroskopisches Differentialblutbild"/>
      <isExample value="false"/>
    </resource>
    <page>
      <sourceUrl value="toc.html"/>
      <name value="toc.html"/>
      <title value="Table of Contents"/>
      <generation value="html"/>
      <page>
        <sourceUrl value="index.html"/>
        <name value="index.html"/>
        <title value="Index"/>
        <generation value="markdown"/>
      </page>
      <page>
        <sourceUrl value="downloads.html"/>
        <name value="downloads.html"/>
        <title value="Downloads"/>
        <generation value="html"/>
      </page>
      <page>
        <sourceUrl value="changelog.html"/>
        <name value="changelog.html"/>
        <title value="Change Log"/>
        <generation value="markdown"/>
      </page>
    </page>
    <parameter>
      <code>
        <system value="http://hl7.org/fhir/tools/CodeSystem/ig-parameters"/>
        <code value="copyrightyear"/>
      </code>
      <value value="2023+"/>
    </parameter>
    <parameter>
      <code>
        <system value="http://hl7.org/fhir/tools/CodeSystem/ig-parameters"/>
        <code value="releaselabel"/>
      </code>
      <value value="ci-build"/>
    </parameter>
    <parameter>
      <code>
        <system value="http://hl7.org/fhir/tools/CodeSystem/ig-parameters"/>
        <code value="active-tables"/>
      </code>
      <value value="true"/>
    </parameter>
    <parameter>
      <code>
        <system value="http://hl7.org/fhir/tools/CodeSystem/ig-parameters"/>
        <code value="apply-contact"/>
      </code>
      <value value="false"/>
    </parameter>
    <parameter>
      <code>
        <system value="http://hl7.org/fhir/tools/CodeSystem/ig-parameters"/>
        <code value="apply-jurisdiction"/>
      </code>
      <value value="false"/>
    </parameter>
    <parameter>
      <code>
        <system value="http://hl7.org/fhir/tools/CodeSystem/ig-parameters"/>
        <code value="apply-publisher"/>
      </code>
      <value value="false"/>
    </parameter>
    <parameter>
      <code>
        <system value="http://hl7.org/fhir/tools/CodeSystem/ig-parameters"/>
        <code value="apply-version"/>
      </code>
      <value value="false"/>
    </parameter>
    <parameter>
      <code>
        <system value="http://hl7.org/fhir/tools/CodeSystem/ig-parameters"/>
        <code value="show-inherited-invariants"/>
      </code>
      <value value="false"/>
    </parameter>
    <parameter>
      <code>
        <system value="http://hl7.org/fhir/tools/CodeSystem/ig-parameters"/>
        <code value="usage-stats-opt-out"/>
      </code>
      <value value="true"/>
    </parameter>
    <parameter>
      <code>
        <system value="http://hl7.org/fhir/tools/CodeSystem/ig-parameters"/>
        <code value="excludexml"/>
      </code>
      <value value="false"/>
    </parameter>
    <parameter>
      <code>
        <system value="http://hl7.org/fhir/tools/CodeSystem/ig-parameters"/>
        <code value="excludejsn"/>
      </code>
      <value value="false"/>
    </parameter>
    <parameter>
      <code>
        <system value="http://hl7.org/fhir/tools/CodeSystem/ig-parameters"/>
        <code value="excludettl"/>
      </code>
      <value value="true"/>
    </parameter>
    <parameter>
      <code>
        <system value="http://hl7.org/fhir/tools/CodeSystem/ig-parameters"/>
        <code value="excludemap"/>
      </code>
      <value value="true"/>
    </parameter>
    <parameter>
      <code>
        <system value="http://hl7.org/fhir/tools/CodeSystem/ig-parameters"/>
        <code value="excludeexample"/>
      </code>
      <value value="true"/>
    </parameter>
    <parameter>
      <code>
        <system value="http://hl7.org/fhir/tools/CodeSystem/ig-parameters"/>
        <code value="extension-domain"/>
      </code>
      <value value="https://www.netzwerk-universitaetsmedizin.de"/>
    </parameter>
    <parameter>
      <code>
        <system value="http://hl7.org/fhir/tools/CodeSystem/ig-parameters"/>
        <code value="extension-domain"/>
      </code>
      <value value="https://www.medizin.uni-greifswald.de"/>
    </parameter>
    <parameter>
      <code>
        <system value="http://hl7.org/fhir/tools/CodeSystem/ig-parameters"/>
        <code value="extension-domain"/>
      </code>
      <value value="https://simplifier.net"/>
    </parameter>
    <parameter>
      <code>
        <system value="http://hl7.org/fhir/tools/CodeSystem/ig-parameters"/>
        <code value="autoload-resources"/>
      </code>
      <value value="true"/>
    </parameter>
    <parameter>
      <code>
        <system value="http://hl7.org/fhir/guide-parameter-code"/>
        <code value="path-resource"/>
      </code>
      <value value="input/capabilities"/>
    </parameter>
    <parameter>
      <code>
        <system value="http://hl7.org/fhir/guide-parameter-code"/>
        <code value="path-resource"/>
      </code>
      <value value="input/examples"/>
    </parameter>
    <parameter>
      <code>
        <system value="http://hl7.org/fhir/guide-parameter-code"/>
        <code value="path-resource"/>
      </code>
      <value value="input/extensions"/>
    </parameter>
    <parameter>
      <code>
        <system value="http://hl7.org/fhir/guide-parameter-code"/>
        <code value="path-resource"/>
      </code>
      <value value="input/models"/>
    </parameter>
    <parameter>
      <code>
        <system value="http://hl7.org/fhir/guide-parameter-code"/>
        <code value="path-resource"/>
      </code>
      <value value="input/operations"/>
    </parameter>
    <parameter>
      <code>
        <system value="http://hl7.org/fhir/guide-parameter-code"/>
        <code value="path-resource"/>
      </code>
      <value value="input/profiles"/>
    </parameter>
    <parameter>
      <code>
        <system value="http://hl7.org/fhir/guide-parameter-code"/>
        <code value="path-resource"/>
      </code>
      <value value="input/resources"/>
    </parameter>
    <parameter>
      <code>
        <system value="http://hl7.org/fhir/guide-parameter-code"/>
        <code value="path-resource"/>
      </code>
      <value value="input/vocabulary"/>
    </parameter>
    <parameter>
      <code>
        <system value="http://hl7.org/fhir/guide-parameter-code"/>
        <code value="path-resource"/>
      </code>
      <value value="input/maps"/>
    </parameter>
    <parameter>
      <code>
        <system value="http://hl7.org/fhir/guide-parameter-code"/>
        <code value="path-resource"/>
      </code>
      <value value="input/testing"/>
    </parameter>
    <parameter>
      <code>
        <system value="http://hl7.org/fhir/guide-parameter-code"/>
        <code value="path-resource"/>
      </code>
      <value value="input/history"/>
    </parameter>
    <parameter>
      <code>
        <system value="http://hl7.org/fhir/guide-parameter-code"/>
        <code value="path-resource"/>
      </code>
      <value value="fsh-generated/resources"/>
    </parameter>
    <parameter>
      <code>
        <system value="http://hl7.org/fhir/guide-parameter-code"/>
        <code value="path-pages"/>
      </code>
      <value value="template/config"/>
    </parameter>
    <parameter>
      <code>
        <system value="http://hl7.org/fhir/guide-parameter-code"/>
        <code value="path-pages"/>
      </code>
      <value value="input/images"/>
    </parameter>
    <parameter>
      <code>
        <system value="http://hl7.org/fhir/tools/CodeSystem/ig-parameters"/>
        <code value="path-liquid"/>
      </code>
      <value value="template/liquid"/>
    </parameter>
    <parameter>
      <code>
        <system value="http://hl7.org/fhir/tools/CodeSystem/ig-parameters"/>
        <code value="path-liquid"/>
      </code>
      <value value="input/liquid"/>
    </parameter>
    <parameter>
      <code>
        <system value="http://hl7.org/fhir/tools/CodeSystem/ig-parameters"/>
        <code value="path-qa"/>
      </code>
      <value value="temp/qa"/>
    </parameter>
    <parameter>
      <code>
        <system value="http://hl7.org/fhir/tools/CodeSystem/ig-parameters"/>
        <code value="path-temp"/>
      </code>
      <value value="temp/pages"/>
    </parameter>
    <parameter>
      <code>
        <system value="http://hl7.org/fhir/tools/CodeSystem/ig-parameters"/>
        <code value="path-output"/>
      </code>
      <value value="output"/>
    </parameter>
    <parameter>
      <code>
        <system value="http://hl7.org/fhir/guide-parameter-code"/>
        <code value="path-tx-cache"/>
      </code>
      <value value="input-cache/txcache"/>
    </parameter>
    <parameter>
      <code>
        <system value="http://hl7.org/fhir/tools/CodeSystem/ig-parameters"/>
        <code value="path-suppressed-warnings"/>
      </code>
      <value value="input/ignoreWarnings.txt"/>
    </parameter>
    <parameter>
      <code>
        <system value="http://hl7.org/fhir/tools/CodeSystem/ig-parameters"/>
        <code value="path-history"/>
      </code>
      <value value="https://www.medizin.uni-greifswald.de/fhir/guideline/cll/history.html"/>
    </parameter>
    <parameter>
      <code>
        <system value="http://hl7.org/fhir/tools/CodeSystem/ig-parameters"/>
        <code value="template-html"/>
      </code>
      <value value="template-page.html"/>
    </parameter>
    <parameter>
      <code>
        <system value="http://hl7.org/fhir/tools/CodeSystem/ig-parameters"/>
        <code value="template-md"/>
      </code>
      <value value="template-page-md.html"/>
    </parameter>
    <parameter>
      <code>
        <system value="http://hl7.org/fhir/tools/CodeSystem/ig-parameters"/>
        <code value="apply-context"/>
      </code>
      <value value="true"/>
    </parameter>
    <parameter>
      <code>
        <system value="http://hl7.org/fhir/tools/CodeSystem/ig-parameters"/>
        <code value="apply-copyright"/>
      </code>
      <value value="true"/>
    </parameter>
    <parameter>
      <code>
        <system value="http://hl7.org/fhir/tools/CodeSystem/ig-parameters"/>
        <code value="apply-license"/>
      </code>
      <value value="true"/>
    </parameter>
    <parameter>
      <code>
        <system value="http://hl7.org/fhir/tools/CodeSystem/ig-parameters"/>
        <code value="apply-wg"/>
      </code>
      <value value="true"/>
    </parameter>
    <parameter>
      <code>
        <system value="http://hl7.org/fhir/tools/CodeSystem/ig-parameters"/>
        <code value="fmm-definition"/>
      </code>
      <value value="http://hl7.org/fhir/versions.html#maturity"/>
    </parameter>
    <parameter>
      <code>
        <system value="http://hl7.org/fhir/tools/CodeSystem/ig-parameters"/>
        <code value="propagate-status"/>
      </code>
      <value value="true"/>
    </parameter>
    <parameter>
      <code>
        <system value="http://hl7.org/fhir/tools/CodeSystem/ig-parameters"/>
        <code value="excludelogbinaryformat"/>
      </code>
      <value value="true"/>
    </parameter>
    <parameter>
      <code>
        <system value="http://hl7.org/fhir/tools/CodeSystem/ig-parameters"/>
        <code value="tabbed-snapshots"/>
      </code>
      <value value="true"/>
    </parameter>
  </definition>
</ImplementationGuide>