<?xml version="1.0" encoding="UTF-8"?>

<PlanDefinition xmlns="http://hl7.org/fhir">
  <id value="QIRezidivKlinischeStudien"/>
  <meta>
    <profile value="https://www.netzwerk-universitaetsmedizin.de/fhir/cpg-on-ebm-on-fhir/StructureDefinition/recommendation-plan"/>
  </meta>
  <text>
    <status value="extensions"/><div xmlns="http://www.w3.org/1999/xhtml"><p class="res-header-id"><b>Generated Narrative: PlanDefinition QIRezidivKlinischeStudien</b></p><a name="QIRezidivKlinischeStudien"> </a><a name="hcQIRezidivKlinischeStudien"> </a><a name="QIRezidivKlinischeStudien-en-US"> </a><blockquote><p><b>Action Combination Method</b></p><ul><li>method: <span title="Codes:{https://www.netzwerk-universitaetsmedizin.de/fhir/cpg-on-ebm-on-fhir/CodeSystem/cs-action-combination-method all}">All</span></li></ul></blockquote><p><b>partOf</b>: <a href="PlanDefinition-RecCollectionQIRezidivKlinischeStudien.html">QI 4: Einschluss von CLL-Pat. mit Rezidiv in klinische Studien (modifiziert 2024)</a></p><p><b>knowledgeCapability</b>: computable</p><p><b>knowledgeRepresentationLevel</b>: structured</p><p><b>url</b>: <a href="PlanDefinition-QIRezidivKlinischeStudien.html">PlanDefinition QI 4: Einschluss von CLL-Pat. mit Rezidiv in klinische Studien (modifiziert 2024)</a></p><p><b>version</b>: Langversion 2.01</p><p><b>name</b>: QIRezidivKlinischeStudien</p><p><b>title</b>: QI 4: Einschluss von CLL-Pat. mit Rezidiv in klinische Studien (modifiziert 2024)</p><p><b>type</b>: <span title="Codes:{http://terminology.hl7.org/CodeSystem/plan-definition-type eca-rule}">ECA Rule</span></p><p><b>status</b>: Active</p><p><b>experimental</b>: false</p><p><b>subject</b>: <a href="EvidenceVariable-PopulationQIRezidivKlinischeStudien.html">Population CLL Rezidiv einschluss in klinische Studien</a></p><p><b>date</b>: 2024-07</p><p><b>publisher</b>: https://www.leitlinienprogramm-onkologie.de/leitlinien/s3-leitlinie-zur-diagnostik-therapie-und-nachsorge-fuer-patienten-mit-einer-chronischen-lymphatischen-leukaemie-cll</p><p><b>description</b>: </p><div><p>Patient*innen mit einem Rezidiv sollen, sofern eine passende klinische Studie verfügbar ist, die Therapie im Rahmen einer klinischen Studie angeboten werden.</p>
</div><h3>Actions</h3><table class="grid"><tr><td style="display: none">-</td><td><b>Code</b></td><td><b>Definition[x]</b></td></tr><tr><td style="display: none">*</td><td><span title="Codes:{http://snomed.info/sct 386053000}">Evaluation procedure (procedure)</span></td><td><a href="ActivityDefinition-CLLPatientInCLLRelapseStudy.html">CLLPatientInCLLRelapseStudy</a></td></tr></table></div>
  </text>
  <extension url="https://www.netzwerk-universitaetsmedizin.de/fhir/cpg-on-ebm-on-fhir/StructureDefinition/ext-action-combination-method">
    <extension url="method">
      <valueCodeableConcept>
        <coding>
          <system value="https://www.netzwerk-universitaetsmedizin.de/fhir/cpg-on-ebm-on-fhir/CodeSystem/cs-action-combination-method"/>
          <code value="all"/>
        </coding>
      </valueCodeableConcept>
    </extension>
  </extension>
  <extension url="http://hl7.org/fhir/uv/cpg/StructureDefinition/cpg-partOf">
    <valueCanonical value="https://www.medizin.uni-greifswald.de/fhir/guideline/cll/PlanDefinition/RecCollectionQIRezidivKlinischeStudien"/>
  </extension>
  <extension url="http://hl7.org/fhir/uv/cpg/StructureDefinition/cpg-knowledgeCapability">
    <valueCode value="computable"/>
  </extension>
  <extension url="http://hl7.org/fhir/uv/cpg/StructureDefinition/cpg-knowledgeRepresentationLevel">
    <valueCode value="structured"/>
  </extension>
  <url value="https://www.medizin.uni-greifswald.de/fhir/guideline/cll/PlanDefinition/QIRezidivKlinischeStudien"/>
  <version value="Langversion 2.01"/>
  <name value="QIRezidivKlinischeStudien"/>
  <title value="QI 4: Einschluss von CLL-Pat. mit Rezidiv in klinische Studien (modifiziert 2024)"/>
  <type>
    <coding>
      <system value="http://terminology.hl7.org/CodeSystem/plan-definition-type"/>
      <code value="eca-rule"/>
    </coding>
  </type>
  <status value="active"/>
  <experimental value="false"/>
  <subjectCanonical value="https://www.medizin.uni-greifswald.de/fhir/guideline/cll/EvidenceVariable/PopulationQIRezidivKlinischeStudien"/>
  <date value="2024-07"/>
  <publisher value="https://www.leitlinienprogramm-onkologie.de/leitlinien/s3-leitlinie-zur-diagnostik-therapie-und-nachsorge-fuer-patienten-mit-einer-chronischen-lymphatischen-leukaemie-cll"/>
  <description value="Patient*innen mit einem Rezidiv sollen, sofern eine passende klinische Studie verfügbar ist, die Therapie im Rahmen einer klinischen Studie angeboten werden."/>
  <action>
    <code>
      <coding>
        <system value="http://snomed.info/sct"/>
        <code value="386053000"/>
        <display value="Evaluation procedure (procedure)"/>
      </coding>
    </code>
    <definitionCanonical value="https://www.medizin.uni-greifswald.de/fhir/guideline/cll/ActivityDefinition/CLLPatientInCLLRelapseStudy"/>
  </action>
</PlanDefinition>