<?xml version="1.0" encoding="UTF-8"?><ActivityDefinition xmlns="http://hl7.org/fhir"><id value="TherapieIndikationCLL"/><url value="https://www.medizin.uni-greifswald.de/fhir/guideline/cll/ActivityDefinition/TherapieIndikationCLL"/><version value="Langversion 2.01"/><name value="TherapieIndikationCLL"/><title value="TherapieIndikationCLL"/><status value="active"/><experimental value="false"/><date value="2025-01-16T09:02:23+00:00"/><publisher value="https://www.leitlinienprogramm-onkologie.de/leitlinien/s3-leitlinie-zur-diagnostik-therapie-und-nachsorge-fuer-patienten-mit-einer-chronischen-lymphatischen-leukaemie-cll"/><description value="Therapie Indikation bei CLL"/><code><coding><system value="https://www.medizin.uni-greifswald.de/fhir/guideline/cll/CodeSystem/cll-v2"/><code value="scllt"/><display value="Systemic CLL therapy"/></coding></code></ActivityDefinition>