<?xml version="1.0" encoding="UTF-8"?><ActivityDefinition xmlns="http://hl7.org/fhir"><id value="CLLPatientInCLLRelapseStudy"/><url value="https://www.medizin.uni-greifswald.de/fhir/guideline/cll/ActivityDefinition/CLLPatientInCLLRelapseStudy"/><version value="Langversion 2.01"/><name value="CLLPatientInCLLRelapseStudy"/><title value="CLLPatientInCLLRelapseStudy"/><status value="active"/><experimental value="false"/><date value="2025-01-16T09:02:23+00:00"/><publisher value="https://www.leitlinienprogramm-onkologie.de/leitlinien/s3-leitlinie-zur-diagnostik-therapie-und-nachsorge-fuer-patienten-mit-einer-chronischen-lymphatischen-leukaemie-cll"/><description value="Patient*innen mit einem Rezidiv sollen, sofern eine passende klinische Studie verfügbar ist, die Therapie im Rahmen einer klinischen Studie angeboten werden."/><code><coding><system value="https://www.medizin.uni-greifswald.de/fhir/guideline/cll/CodeSystem/cll-v2"/><code value="cllrlpsincl"/><display value="Inclusion into specific CLL relapse treatment study"/></coding></code></ActivityDefinition>