<?xml version="1.0" encoding="UTF-8"?><EvidenceVariable xmlns="http://hl7.org/fhir"><id value="PopulationCLLPlanungOnkoTherapieIdelalisib"/><meta><profile value="https://www.netzwerk-universitaetsmedizin.de/fhir/cpg-on-ebm-on-fhir/StructureDefinition/recommendation-eligibility-criteria"/></meta><url value="https://www.medizin.uni-greifswald.de/fhir/guideline/cll/EvidenceVariable/PopulationCLLPlanungOnkoTherapieIdelalisib"/><name value="PopulationCLLPlanungOnkoTherapieIdelalisib"/><title value="Population: CLL und Planung Onkologische Therapielinie mit Idelalisib"/><status value="active"/><date value="2025-01-16T09:02:23+00:00"/><description value="Population mit einer Chronisch Lymphatische Leukämie, einem behandlungsbedürftigen Progress und bei der eine Therapieplanung mit Idelalisib ansteht"/><actual value="false"/><characteristic><definitionByCombination><code value="all-of"/><characteristic><exclude value="false"/><definitionByTypeAndValue><type><coding><system value="http://snomed.info/sct"/><code value="404684003"/><display value="Clinical finding (finding)"/></coding></type><valueCodeableConcept><coding><system value="http://snomed.info/sct"/><code value="92814006"/><display value="Chronic lymphoid leukaemia, disease"/></coding></valueCodeableConcept></definitionByTypeAndValue></characteristic><characteristic><definitionByTypeAndValue><type><coding><system value="http://snomed.info/sct"/><code value="404684003"/><display value="Clinical finding (finding)"/></coding></type><valueCodeableConcept><coding><system value="https://www.medizin.uni-greifswald.de/fhir/guideline/cll/CodeSystem/cll-v2"/><code value="dprnti"/><display value="Disease progression that requires adapted or new treatment with idelalisib"/></coding></valueCodeableConcept></definitionByTypeAndValue></characteristic></definitionByCombination></characteristic></EvidenceVariable>