<?xml version="1.0" encoding="UTF-8"?><EvidenceVariable xmlns="http://hl7.org/fhir"><id value="PopulationCLLBinetC"/><meta><profile value="https://www.netzwerk-universitaetsmedizin.de/fhir/cpg-on-ebm-on-fhir/StructureDefinition/recommendation-eligibility-criteria"/></meta><url value="https://www.medizin.uni-greifswald.de/fhir/guideline/cll/EvidenceVariable/PopulationCLLBinetC"/><name value="PopulationCLLBinetC"/><title value="Population: CLL und Binet Stadium C"/><status value="active"/><date value="2025-01-16T09:02:23+00:00"/><description value="Population, die eine Chronisch Lymphatische Leukämie hat und bei der eine Binet Stadium C vorliegt"/><actual value="false"/><characteristic><definitionByCombination><code value="all-of"/><characteristic><linkId value="CLL"/><definitionByTypeAndValue><type><coding><system value="http://snomed.info/sct"/><code value="404684003"/><display value="Clinical finding (finding)"/></coding></type><valueCodeableConcept><coding><system value="http://snomed.info/sct"/><code value="92814006"/><display value="Chronic lymphoid leukaemia, disease"/></coding></valueCodeableConcept></definitionByTypeAndValue></characteristic><characteristic><definitionByTypeAndValue><type><coding><system value="http://snomed.info/sct"/><code value="1149099005"/><display value="Binet staging classification for chronic lymphocytic leukemia"/></coding></type><valueCodeableConcept><coding><system value="http://snomed.info/sct"/><version value="http://snomed.info/sct/83821000000107/version/20230412fd"/><code value="863781000000100"/><display value="Clinical stage C chronic lymphocytic leukaemia"/></coding></valueCodeableConcept></definitionByTypeAndValue></characteristic></definitionByCombination></characteristic></EvidenceVariable>