<?xml version="1.0" encoding="UTF-8"?><EvidenceVariable xmlns="http://hl7.org/fhir"><id value="PopulationCLLErstlinientherapie"/><meta><profile value="https://www.netzwerk-universitaetsmedizin.de/fhir/cpg-on-ebm-on-fhir/StructureDefinition/recommendation-eligibility-criteria"/></meta><url value="https://www.medizin.uni-greifswald.de/fhir/guideline/cll/EvidenceVariable/PopulationCLLErstlinientherapie"/><name value="PopulationCLLErstlinientherapie"/><title value="Population: CLL und Erstlinientherapie"/><status value="active"/><date value="2025-01-16T09:02:23+00:00"/><description value="Population, die eine Chronisch Lymphatische Leukämie hat und eine Erstlinientherapie bekommt"/><actual value="false"/><characteristic><definitionByCombination><code value="all-of"/><characteristic><linkId value="CLL"/><definitionByTypeAndValue><type><coding><system value="http://snomed.info/sct"/><code value="404684003"/><display value="Clinical finding (finding)"/></coding></type><valueCodeableConcept><coding><system value="http://snomed.info/sct"/><code value="92814006"/><display value="Chronic lymphoid leukaemia, disease"/></coding></valueCodeableConcept></definitionByTypeAndValue></characteristic><characteristic><linkId value="CLL"/><definitionByTypeAndValue><type><coding><system value="http://snomed.info/sct"/><code value="71388002"/><display value="Procedure (procedure)"/></coding></type><valueCodeableConcept><coding><system value="http://snomed.info/sct"/><code value="708255002"/><display value="First line treatment"/></coding></valueCodeableConcept></definitionByTypeAndValue></characteristic></definitionByCombination></characteristic></EvidenceVariable>