<?xml version="1.0" encoding="UTF-8"?><EvidenceVariable xmlns="http://hl7.org/fhir"><id value="PopulationQIRezidivKlinischeStudien"/><meta><profile value="https://www.netzwerk-universitaetsmedizin.de/fhir/cpg-on-ebm-on-fhir/StructureDefinition/recommendation-eligibility-criteria"/></meta><url value="https://www.medizin.uni-greifswald.de/fhir/guideline/cll/EvidenceVariable/PopulationQIRezidivKlinischeStudien"/><name value="PopulationQIRezidivKlinischeStudien"/><title value="Population CLL Rezidiv einschluss in klinische Studien"/><status value="active"/><date value="2025-01-16T09:02:23+00:00"/><description value="QI 4: Einschluss von Pat. mit Rezidiv in klinische Studien (modifiziert 2024)"/><actual value="false"/><characteristic><definitionByCombination><code value="all-of"/><characteristic><definitionByTypeAndValue><type><coding><system value="http://snomed.info/sct"/><code value="404684003"/><display value="Clinical finding (finding)"/></coding></type><valueCodeableConcept><coding><system value="http://snomed.info/sct"/><code value="92814006"/><display value="Chronic lymphoid leukaemia, disease"/></coding></valueCodeableConcept></definitionByTypeAndValue></characteristic><characteristic><definitionByTypeAndValue><type><coding><system value="http://snomed.info/sct"/><code value="404684003"/><display value="Clinical finding (finding)"/></coding></type><valueCodeableConcept><coding><system value="https://www.medizin.uni-greifswald.de/fhir/guideline/cll/CodeSystem/cll-v2"/><code value="cllrlpstherapy"/><display value="CLL-relapse under treatment"/></coding></valueCodeableConcept></definitionByTypeAndValue></characteristic></definitionByCombination></characteristic></EvidenceVariable>