<?xml version="1.0" encoding="UTF-8"?><EvidenceVariable xmlns="http://hl7.org/fhir"><id value="PopulationCLLBinetAB"/><meta><profile value="https://www.netzwerk-universitaetsmedizin.de/fhir/cpg-on-ebm-on-fhir/StructureDefinition/recommendation-eligibility-criteria"/></meta><url value="https://www.medizin.uni-greifswald.de/fhir/guideline/cll/EvidenceVariable/PopulationCLLBinetAB"/><name value="PopulationCLLBinetAB"/><title value="Population: CLL und Binet Stadium AB "/><status value="active"/><date value="2025-01-16T09:02:23+00:00"/><description value="Population, bei der Binet A oder B sowie eine bestimmte klinische Symptomatik vorliegt"/><actual value="false"/><characteristic><definitionByCombination><code value="all-of"/><characteristic><linkId value="CLL"/><definitionByTypeAndValue><type><coding><system value="http://snomed.info/sct"/><code value="404684003"/><display value="Clinical finding (finding)"/></coding></type><valueCodeableConcept><coding><system value="http://snomed.info/sct"/><code value="92814006"/><display value="Chronic lymphoid leukaemia, disease"/></coding></valueCodeableConcept></definitionByTypeAndValue></characteristic><characteristic><definitionByCombination><code value="any-of"/><characteristic><definitionByTypeAndValue><type><coding><system value="http://snomed.info/sct"/><code value="1149099005"/><display value="Binet staging classification for chronic lymphocytic leukemia"/></coding></type><valueCodeableConcept><coding><system value="http://snomed.info/sct"/><version value="http://snomed.info/sct/83821000000107/version/20230412fd"/><code value="863741000000108"/><display value="Clinical stage A chronic lymphocytic leukaemia"/></coding></valueCodeableConcept></definitionByTypeAndValue></characteristic><characteristic><definitionByTypeAndValue><type><coding><system value="http://snomed.info/sct"/><code value="1149099005"/><display value="Binet staging classification for chronic lymphocytic leukemia"/></coding></type><valueCodeableConcept><coding><system value="http://snomed.info/sct"/><version value="http://snomed.info/sct/83821000000107/version/20230412fd"/><code value="863761000000109"/><display value="Clinical stage B chronic lymphocytic leukaemia"/></coding></valueCodeableConcept></definitionByTypeAndValue></characteristic></definitionByCombination></characteristic><characteristic><definitionByCombination><code value="any-of"/><characteristic><linkId value="CLL"/><definitionByTypeAndValue><type><coding><system value="http://snomed.info/sct"/><code value="404684003"/><display value="Clinical finding (finding)"/></coding></type><valueCodeableConcept><coding><system value="http://snomed.info/sct"/><code value="161832001"/><display value="Weight decreasing"/></coding></valueCodeableConcept></definitionByTypeAndValue></characteristic><characteristic><linkId value="CLL"/><definitionByTypeAndValue><type><coding><system value="http://snomed.info/sct"/><code value="404684003"/><display value="Clinical finding (finding)"/></coding></type><valueCodeableConcept><coding><system value="http://snomed.info/sct"/><code value="7520000"/><display value="Pyrexia of unknown origin"/></coding></valueCodeableConcept></definitionByTypeAndValue></characteristic><characteristic><linkId value="CLL"/><definitionByTypeAndValue><type><coding><system value="http://snomed.info/sct"/><code value="404684003"/><display value="Clinical finding (finding)"/></coding></type><valueCodeableConcept><coding><system value="http://snomed.info/sct"/><code value="42984000"/><display value="Night sweats"/></coding></valueCodeableConcept></definitionByTypeAndValue></characteristic><characteristic><definitionByCombination><code value="all-of"/><characteristic><linkId value="CLL"/><definitionByTypeAndValue><type><coding><system value="http://snomed.info/sct"/><code value="404684003"/><display value="Clinical finding (finding)"/></coding></type><valueCodeableConcept><coding><system value="http://snomed.info/sct"/><code value="271737000"/><display value="Anemia"/></coding></valueCodeableConcept></definitionByTypeAndValue></characteristic><characteristic><linkId value="CLL"/><definitionByTypeAndValue><type><coding><system value="http://loinc.org"/><code value="718-7"/><display value="Hemoglobin [Mass/volume] in Blood"/></coding></type><valueCodeableConcept><coding><system value="http://snomed.info/sct"/><code value="260371004"/><display value="Decreasing"/></coding></valueCodeableConcept></definitionByTypeAndValue></characteristic></definitionByCombination></characteristic><characteristic><definitionByCombination><code value="all-of"/><characteristic><linkId value="CLL"/><definitionByTypeAndValue><type><coding><system value="http://snomed.info/sct"/><code value="404684003"/><display value="Clinical finding (finding)"/></coding></type><valueCodeableConcept><coding><system value="http://snomed.info/sct"/><code value="302215000"/><display value="Thrombocytopenic disorder"/></coding></valueCodeableConcept></definitionByTypeAndValue></characteristic><characteristic><linkId value="CLL"/><definitionByTypeAndValue><type><coding><system value="http://loinc.org"/><code value="26515-7"/><display value="Platelets [#/volume] in Blood"/></coding></type><valueCodeableConcept><coding><system value="http://snomed.info/sct"/><code value="260371004"/><display value="Decreasing"/></coding></valueCodeableConcept></definitionByTypeAndValue></characteristic></definitionByCombination></characteristic><characteristic><definitionByCombination><code value="all-of"/><characteristic><definitionByTypeAndValue><type><coding><system value="http://snomed.info/sct"/><code value="404684003"/><display value="Clinical finding (finding)"/></coding></type><valueCodeableConcept><coding><system value="https://www.medizin.uni-greifswald.de/fhir/guideline/cll/CodeSystem/cll-v2"/><code value="porecotr"/><display value="Poor response to corticosteroid treatment"/></coding></valueCodeableConcept></definitionByTypeAndValue></characteristic><characteristic><definitionByCombination><code value="any-of"/><characteristic><linkId value="CLL"/><definitionByTypeAndValue><type><coding><system value="http://snomed.info/sct"/><code value="404684003"/><display value="Clinical finding (finding)"/></coding></type><valueCodeableConcept><coding><system value="http://snomed.info/sct"/><code value="413603009"/><display value="Autoimmune hemolytic anemia"/></coding></valueCodeableConcept></definitionByTypeAndValue></characteristic><characteristic><linkId value="CLL"/><definitionByTypeAndValue><type><coding><system value="http://snomed.info/sct"/><code value="404684003"/><display value="Clinical finding (finding)"/></coding></type><valueCodeableConcept><coding><system value="http://snomed.info/sct"/><code value="2897005"/><display value="Immune thrombocytopenia"/></coding></valueCodeableConcept></definitionByTypeAndValue></characteristic></definitionByCombination></characteristic></definitionByCombination></characteristic><characteristic><linkId value="CLL"/><definitionByTypeAndValue><type><coding><system value="http://snomed.info/sct"/><code value="404684003"/><display value="Clinical finding (finding)"/></coding></type><valueCodeableConcept><coding><system value="https://www.medizin.uni-greifswald.de/fhir/guideline/cll/CodeSystem/cll-v2"/><code value="sycasp"/><display value="Symptom-causing splenomegaly"/></coding></valueCodeableConcept></definitionByTypeAndValue></characteristic><characteristic><definitionByCombination><code value="all-of"/><characteristic><linkId value="CLL"/><definitionByTypeAndValue><type><coding><system value="http://snomed.info/sct"/><code value="246120007"/><display value="Nodule size"/></coding></type><valueRange><low><value value="10"/><system value="http://unitsofmeasure.org"/><code value="cm"/></low></valueRange></definitionByTypeAndValue></characteristic><characteristic><linkId value="CLL"/><definitionByTypeAndValue><type><coding><system value="http://snomed.info/sct"/><code value="404684003"/><display value="Clinical finding (finding)"/></coding></type><valueCodeableConcept><coding><system value="http://snomed.info/sct"/><code value="30746006"/><display value="Lymphadenopathy"/></coding></valueCodeableConcept></definitionByTypeAndValue></characteristic></definitionByCombination></characteristic><characteristic><definitionByCombination><code value="all-of"/><characteristic><linkId value="CLL"/><definitionByTypeAndValue><type><coding><system value="http://snomed.info/sct"/><code value="246120007"/><display value="Nodule size"/></coding></type><valueCodeableConcept><coding><system value="http://snomed.info/sct"/><code value="260369004"/><display value="Increasing"/></coding></valueCodeableConcept></definitionByTypeAndValue></characteristic><characteristic><linkId value="CLL"/><definitionByTypeAndValue><type><coding><system value="http://snomed.info/sct"/><code value="404684003"/><display value="Clinical finding (finding)"/></coding></type><valueCodeableConcept><coding><system value="http://snomed.info/sct"/><code value="30746006"/><display value="Lymphadenopathy"/></coding></valueCodeableConcept></definitionByTypeAndValue></characteristic></definitionByCombination></characteristic><characteristic><linkId value="CLL"/><definitionByTypeAndValue><type><coding><system value="http://loinc.org"/><code value="26474-7"/><display value="Lymphocytes [#/volume] in Blood"/></coding></type><valueCodeableConcept><coding><system value="https://www.medizin.uni-greifswald.de/fhir/guideline/cll/CodeSystem/cll-v2"/><code value="ingrfiftyintwomo"/><display value="Zunahme mehr als 50 Prozent innerhalb von 2 Monaten, gemessen ab einer absoluten Lymphozytenzahl von mindestens 30.000/µl"/></coding></valueCodeableConcept></definitionByTypeAndValue></characteristic><characteristic><linkId value="CLL"/><definitionByTypeAndValue><type><coding><system value="http://loinc.org"/><code value="26474-7"/><display value="Lymphocytes [#/volume] in Blood"/></coding></type><valueCodeableConcept><coding><system value="https://www.medizin.uni-greifswald.de/fhir/guideline/cll/CodeSystem/cll-v2"/><code value="dopeunsixmo"/><display value="Lymphozytenverdopplungszeit unter 6 Monaten, gemessen ab einer absoluten Lymphozytenzahl von mindestens 30.000/µl"/></coding></valueCodeableConcept></definitionByTypeAndValue></characteristic></definitionByCombination></characteristic></definitionByCombination></characteristic></EvidenceVariable>