<?xml version="1.0" encoding="UTF-8"?><EvidenceVariable xmlns="http://hl7.org/fhir"><id value="PopulationCLLRezidivtherapie"/><meta><profile value="https://www.netzwerk-universitaetsmedizin.de/fhir/cpg-on-ebm-on-fhir/StructureDefinition/recommendation-eligibility-criteria"/></meta><url value="https://www.medizin.uni-greifswald.de/fhir/guideline/cll/EvidenceVariable/PopulationCLLRezidivtherapie"/><name value="PopulationCLLRezidivtherapie"/><title value="Population: CLL und Rezidivtherapie"/><status value="active"/><date value="2025-01-16T09:02:23+00:00"/><description value="Population, die eine Chronisch Lymphatische Leukämie hat und eine Rezidivtherapie bekommt"/><actual value="false"/><characteristic><definitionByCombination><code value="all-of"/><characteristic><linkId value="CLL"/><definitionByTypeAndValue><type><coding><system value="http://snomed.info/sct"/><code value="404684003"/><display value="Clinical finding (finding)"/></coding></type><valueCodeableConcept><coding><system value="http://snomed.info/sct"/><code value="92814006"/><display value="Chronic lymphoid leukaemia, disease"/></coding></valueCodeableConcept></definitionByTypeAndValue></characteristic><characteristic><linkId value="CLL"/><definitionByTypeAndValue><type><coding><system value="http://snomed.info/sct"/><code value="71388002"/><display value="Procedure (procedure)"/></coding></type><valueCodeableConcept><coding><system value="https://www.medizin.uni-greifswald.de/fhir/guideline/cll/CodeSystem/cll-v2"/><code value="cllrete"/><display value="CLL Relapse therapy"/></coding></valueCodeableConcept></definitionByTypeAndValue></characteristic></definitionByCombination></characteristic></EvidenceVariable>