<?xml version="1.0" encoding="UTF-8"?><ImplementationGuide xmlns="http://hl7.org/fhir"><id value="de.uni-greifswald.medizin.cll-guideline"/><text><status value="generated"/><div xmlns="http://www.w3.org/1999/xhtml"><p class="res-header-id"><b>Generated Narrative: ImplementationGuide de.uni-greifswald.medizin.cll-guideline</b></p><a name="de.uni-greifswald.medizin.cll-guideline"> </a><a name="hcde.uni-greifswald.medizin.cll-guideline"> </a><a name="de.uni-greifswald.medizin.cll-guideline-en-US"> </a><h2>CLL_Guidelines_QI</h2><p>The official URL for this implementation guide is: </p><pre>https://www.medizin.uni-greifswald.de/fhir/guideline/cll/ImplementationGuide/de.uni-greifswald.medizin.cll-guideline</pre></div></text><url value="https://www.medizin.uni-greifswald.de/fhir/guideline/cll/ImplementationGuide/de.uni-greifswald.medizin.cll-guideline"/><version value="0.2.0"/><name value="CLL_Guidelines_QI"/><title value="Chronisch Lymphatische Leukämie Guidline and Quality indicator"/><status value="draft"/><date value="2025-01-16T09:02:23+00:00"/><publisher value="Universitätsmedizin Greifswald, Klink für Anästhesie, Intensiv-, Notfall- und Schmerzmedizin"/><contact><name value="Universitätsmedizin Greifswald, Klink für Anästhesie, Intensiv-, Notfall- und Schmerzmedizin"/><telecom><system value="url"/><value value="https://www.medizin.uni-greifswald.de/intensiv/"/></telecom></contact><packageId value="de.uni-greifswald.medizin.cll-guideline"/><license value="CC0-1.0"/><fhirVersion value="5.0.0"/><dependsOn id="hl7tx"><extension url="http://hl7.org/fhir/tools/StructureDefinition/implementationguide-dependency-comment"><valueMarkdown value="Automatically added as a dependency - all IGs depend on HL7 Terminology"/></extension><uri value="http://terminology.hl7.org/ImplementationGuide/hl7.terminology"/><packageId value="hl7.terminology.r5"/><version value="6.1.0"/></dependsOn><dependsOn id="hl7ext"><extension url="http://hl7.org/fhir/tools/StructureDefinition/implementationguide-dependency-comment"><valueMarkdown value="Automatically added as a dependency - all IGs depend on the HL7 Extension Pack"/></extension><uri value="http://hl7.org/fhir/extensions/ImplementationGuide/hl7.fhir.uv.extensions"/><packageId value="hl7.fhir.uv.extensions.r5"/><version value="5.1.0"/></dependsOn><dependsOn id="de_netzwerk_universitaetsmedizin_ebm_cpg"><uri value="https://www.netzwerk-universitaetsmedizin.de/fhir/cpg-on-ebm-on-fhir/ImplementationGuide/de.netzwerk-universitaetsmedizin.ebm-cpg"/><packageId value="de.netzwerk-universitaetsmedizin.ebm-cpg"/><version value="1.0.2"/></dependsOn><definition><extension url="http://hl7.org/fhir/tools/StructureDefinition/ig-internal-dependency"><valueCode value="hl7.fhir.uv.tools.r5#0.3.0"/></extension><grouping id="-ka-activitydefinition"><name value="Knowledge Artifacts: Activity Definitions"/><description value="These define activities that can be performed as part of content in this implementation guide."/></grouping><grouping id="-ka-plandefinition"><name value="Knowledge Artifacts: Plan Definitions"/><description value="These define workflows, rules, strategies, or protocols as part of content in this implementation guide."/></grouping><grouping id="-term-codesystem"><name value="Terminology: Code Systems"/><description value="These define new code systems used by systems conforming to this implementation guide."/></grouping><grouping id="-other"><name value="Other"/><description value="These are resources that are used within this implementation guide that do not fit into one of the other categories."/></grouping><resource><extension url="http://hl7.org/fhir/tools/StructureDefinition/resource-sort"><valueInteger value="999999999"/></extension><extension url="http://hl7.org/fhir/StructureDefinition/implementationguide-page"><valueUri value="ActivityDefinition-AbdomialUltrasonographyCLL.html"/></extension><reference><reference value="ActivityDefinition/AbdomialUltrasonographyCLL"/></reference><name value="Abdomial Ultrasonography CLL"/><description value="Abdomensonographie bei CLL"/><isExample value="false"/><groupingId value="-ka-activitydefinition"/></resource><resource><extension url="http://hl7.org/fhir/tools/StructureDefinition/resource-sort"><valueInteger value="999999999"/></extension><extension url="http://hl7.org/fhir/StructureDefinition/implementationguide-page"><valueUri value="ActivityDefinition-AssessmentComorbiditiesCLL.html"/></extension><reference><reference value="ActivityDefinition/AssessmentComorbiditiesCLL"/></reference><name value="Assesment Comorbidities CLL"/><description value="Assesment Comorbidities CLL"/><isExample value="false"/><groupingId value="-ka-activitydefinition"/></resource><resource><extension url="http://hl7.org/fhir/tools/StructureDefinition/resource-sort"><valueInteger value="999999999"/></extension><extension url="http://hl7.org/fhir/StructureDefinition/implementationguide-page"><valueUri value="ActivityDefinition-AssessmentECOGScoreCLL.html"/></extension><reference><reference value="ActivityDefinition/AssessmentECOGScoreCLL"/></reference><name value="Assesment ECOG Score CLL"/><description value="Assesment of the ECOG Score CLL"/><isExample value="false"/><groupingId value="-ka-activitydefinition"/></resource><resource><extension url="http://hl7.org/fhir/tools/StructureDefinition/resource-sort"><valueInteger value="999999999"/></extension><extension url="http://hl7.org/fhir/StructureDefinition/implementationguide-page"><valueUri value="ActivityDefinition-AssessmentKarnofskyIndexCLL.html"/></extension><reference><reference value="ActivityDefinition/AssessmentKarnofskyIndexCLL"/></reference><name value="Assesment Karnofsky-Index CLL"/><description value="Assesment Karnofsky-Index CLL"/><isExample value="false"/><groupingId value="-ka-activitydefinition"/></resource><resource><extension url="http://hl7.org/fhir/tools/StructureDefinition/resource-sort"><valueInteger value="999999999"/></extension><extension url="http://hl7.org/fhir/StructureDefinition/implementationguide-page"><valueUri value="ActivityDefinition-BinetStagingCLL.html"/></extension><reference><reference value="ActivityDefinition/BinetStagingCLL"/></reference><name value="Binet Staging CLL"/><description value="Bestimmung des aktuellen klinischen Stadiums (Binet Staging) CLL"/><isExample value="false"/><groupingId value="-ka-activitydefinition"/></resource><resource><extension url="http://hl7.org/fhir/tools/StructureDefinition/resource-sort"><valueInteger value="999999999"/></extension><extension url="http://hl7.org/fhir/StructureDefinition/implementationguide-page"><valueUri value="ActivityDefinition-CLLPatientInCLLRelapseStudy.html"/></extension><reference><reference value="ActivityDefinition/CLLPatientInCLLRelapseStudy"/></reference><name value="CLLPatientInCLLRelapseStudy"/><description value="CLLPatientInCLLRelapseStudy"/><isExample value="false"/><groupingId value="-ka-activitydefinition"/></resource><resource><extension url="http://hl7.org/fhir/tools/StructureDefinition/resource-sort"><valueInteger value="999999999"/></extension><extension url="http://hl7.org/fhir/StructureDefinition/implementationguide-page"><valueUri value="ActivityDefinition-CMVAntibodyIgGCLL.html"/></extension><reference><reference value="ActivityDefinition/CMVAntibodyIgGCLL"/></reference><name value="CMV IgG Antibody CLL"/><description value="CMV IgG Antikörper Bestimmung"/><isExample value="false"/><groupingId value="-ka-activitydefinition"/></resource><resource><extension url="http://hl7.org/fhir/tools/StructureDefinition/resource-sort"><valueInteger value="999999999"/></extension><extension url="http://hl7.org/fhir/StructureDefinition/implementationguide-page"><valueUri value="ActivityDefinition-CMVAntibodyIgMCLL.html"/></extension><reference><reference value="ActivityDefinition/CMVAntibodyIgMCLL"/></reference><name value="CMV IgM Antibody CLL"/><description value="CMV IgM Antikörper Bestimmung"/><isExample value="false"/><groupingId value="-ka-activitydefinition"/></resource><resource><extension url="http://hl7.org/fhir/tools/StructureDefinition/resource-sort"><valueInteger value="999999999"/></extension><extension url="http://hl7.org/fhir/StructureDefinition/implementationguide-page"><valueUri value="ActivityDefinition-CMVPCRCLL.html"/></extension><reference><reference value="ActivityDefinition/CMVPCRCLL"/></reference><name value="CMV PCR CLL"/><description value="CMV PCR Viruslast Bestimmung"/><isExample value="false"/><groupingId value="-ka-activitydefinition"/></resource><resource><extension url="http://hl7.org/fhir/tools/StructureDefinition/resource-sort"><valueInteger value="999999999"/></extension><extension url="http://hl7.org/fhir/StructureDefinition/implementationguide-page"><valueUri value="ActivityDefinition-ClinicalChemistryTestCLL.html"/></extension><reference><reference value="ActivityDefinition/ClinicalChemistryTestCLL"/></reference><name value="Clinical Chemistry Test CLL"/><description value="Klinische Chemie"/><isExample value="false"/><groupingId value="-ka-activitydefinition"/></resource><resource><extension url="http://hl7.org/fhir/tools/StructureDefinition/resource-sort"><valueInteger value="999999999"/></extension><extension url="http://hl7.org/fhir/StructureDefinition/implementationguide-page"><valueUri value="ActivityDefinition-CompleteBloodCountAutomatedCLL.html"/></extension><reference><reference value="ActivityDefinition/CompleteBloodCountAutomatedCLL"/></reference><name value="Complete Blood Count and White cell Differential Automated CLL"/><description value="Maschinelles Differentialblutbild CLL"/><isExample value="false"/><groupingId value="-ka-activitydefinition"/></resource><resource><extension url="http://hl7.org/fhir/tools/StructureDefinition/resource-sort"><valueInteger value="999999999"/></extension><extension url="http://hl7.org/fhir/StructureDefinition/implementationguide-page"><valueUri value="ActivityDefinition-ErstlinieMitBCL2beiCLL.html"/></extension><reference><reference value="ActivityDefinition/ErstlinieMitBCL2beiCLL"/></reference><name value="Erstlinienterapie mit BCL2-Inhibitor bei CLL"/><description value="Erstlinienterapie mit BCL2-Inhibitor bei CLL"/><isExample value="false"/><groupingId value="-ka-activitydefinition"/></resource><resource><extension url="http://hl7.org/fhir/tools/StructureDefinition/resource-sort"><valueInteger value="999999999"/></extension><extension url="http://hl7.org/fhir/StructureDefinition/implementationguide-page"><valueUri value="ActivityDefinition-RezidivtherapieMitBCL2beiCLL.html"/></extension><reference><reference value="ActivityDefinition/RezidivtherapieMitBCL2beiCLL"/></reference><name value="Erstlinienterapie mit BCL2-Inhibitor bei CLL"/><description value="Erstlinienterapie mit BCL2-Inhibitor bei CLL"/><isExample value="false"/><groupingId value="-ka-activitydefinition"/></resource><resource><extension url="http://hl7.org/fhir/tools/StructureDefinition/resource-sort"><valueInteger value="999999999"/></extension><extension url="http://hl7.org/fhir/StructureDefinition/implementationguide-page"><valueUri value="ActivityDefinition-ExaminationLymphaticNodesCLL.html"/></extension><reference><reference value="ActivityDefinition/ExaminationLymphaticNodesCLL"/></reference><name value="Examination Lymphatic nodes CLL"/><description value="vollständiger Erhebung des peripheren Lymphknotenstatus"/><isExample value="false"/><groupingId value="-ka-activitydefinition"/></resource><resource><extension url="http://hl7.org/fhir/tools/StructureDefinition/resource-sort"><valueInteger value="999999999"/></extension><extension url="http://hl7.org/fhir/StructureDefinition/implementationguide-page"><valueUri value="ActivityDefinition-ExaminationLiverSizeCLL.html"/></extension><reference><reference value="ActivityDefinition/ExaminationLiverSizeCLL"/></reference><name value="Examination liver size CLL"/><description value="Abschätzung der Lebergröße bei CLL"/><isExample value="false"/><groupingId value="-ka-activitydefinition"/></resource><resource><extension url="http://hl7.org/fhir/tools/StructureDefinition/resource-sort"><valueInteger value="999999999"/></extension><extension url="http://hl7.org/fhir/StructureDefinition/implementationguide-page"><valueUri value="ActivityDefinition-ExaminationSpleenSizeCLL.html"/></extension><reference><reference value="ActivityDefinition/ExaminationSpleenSizeCLL"/></reference><name value="Examination spleen size CLL"/><description value="Abschätzung der Milzgröße bei CLL"/><isExample value="false"/><groupingId value="-ka-activitydefinition"/></resource><resource><extension url="http://hl7.org/fhir/tools/StructureDefinition/resource-sort"><valueInteger value="999999999"/></extension><extension url="http://hl7.org/fhir/StructureDefinition/implementationguide-page"><valueUri value="ActivityDefinition-TP53andDEL17pCLL.html"/></extension><reference><reference value="ActivityDefinition/TP53andDEL17pCLL"/></reference><name value="FISH hinsichtlich TP53 und DEL17p"/><description value="TP53-Deletions- und Mutationsstatus (FISH hinsichtlich del17p und TP53-Mutationsanalyse ≤ 12 Wochen vor Therapiebeginn)"/><isExample value="false"/><groupingId value="-ka-activitydefinition"/></resource><resource><extension url="http://hl7.org/fhir/tools/StructureDefinition/resource-sort"><valueInteger value="999999999"/></extension><extension url="http://hl7.org/fhir/StructureDefinition/implementationguide-page"><valueUri value="ActivityDefinition-HBVSerologyCLL.html"/></extension><reference><reference value="ActivityDefinition/HBVSerologyCLL"/></reference><name value="HBV Serology CLL"/><description value="HBV Serologie"/><isExample value="false"/><groupingId value="-ka-activitydefinition"/></resource><resource><extension url="http://hl7.org/fhir/tools/StructureDefinition/resource-sort"><valueInteger value="999999999"/></extension><extension url="http://hl7.org/fhir/StructureDefinition/implementationguide-page"><valueUri value="ActivityDefinition-HCVSerologyCLL.html"/></extension><reference><reference value="ActivityDefinition/HCVSerologyCLL"/></reference><name value="HCV Serology CLL"/><description value="HCV Serologie"/><isExample value="false"/><groupingId value="-ka-activitydefinition"/></resource><resource><extension url="http://hl7.org/fhir/tools/StructureDefinition/resource-sort"><valueInteger value="999999999"/></extension><extension url="http://hl7.org/fhir/StructureDefinition/implementationguide-page"><valueUri value="ActivityDefinition-HEVSerologyCLL.html"/></extension><reference><reference value="ActivityDefinition/HEVSerologyCLL"/></reference><name value="HEV Serology CLL"/><description value="HEV Serologie"/><isExample value="false"/><groupingId value="-ka-activitydefinition"/></resource><resource><extension url="http://hl7.org/fhir/tools/StructureDefinition/resource-sort"><valueInteger value="999999999"/></extension><extension url="http://hl7.org/fhir/StructureDefinition/implementationguide-page"><valueUri value="ActivityDefinition-HIVSerologyCLL.html"/></extension><reference><reference value="ActivityDefinition/HIVSerologyCLL"/></reference><name value="HIV Serology CLL"/><description value="HIV Serologie"/><isExample value="false"/><groupingId value="-ka-activitydefinition"/></resource><resource><extension url="http://hl7.org/fhir/tools/StructureDefinition/resource-sort"><valueInteger value="999999999"/></extension><extension url="http://hl7.org/fhir/StructureDefinition/implementationguide-page"><valueUri value="ActivityDefinition-HistoryTakingCLL.html"/></extension><reference><reference value="ActivityDefinition/HistoryTakingCLL"/></reference><name value="History Taking CLL"/><description value="Anamnese bei CLL Patienten"/><isExample value="false"/><groupingId value="-ka-activitydefinition"/></resource><resource><extension url="http://hl7.org/fhir/tools/StructureDefinition/resource-sort"><valueInteger value="999999999"/></extension><extension url="http://hl7.org/fhir/StructureDefinition/implementationguide-page"><valueUri value="ActivityDefinition-IGHVmutationCLL.html"/></extension><reference><reference value="ActivityDefinition/IGHVmutationCLL"/></reference><name value="IGHV-Mutationsstatus"/><description value="Bekannter IGHV-Mutationsstatus vor Therapiebeginn"/><isExample value="false"/><groupingId value="-ka-activitydefinition"/></resource><resource><extension url="http://hl7.org/fhir/tools/StructureDefinition/resource-sort"><valueInteger value="999999999"/></extension><extension url="http://hl7.org/fhir/StructureDefinition/implementationguide-page"><valueUri value="ActivityDefinition-PhysicalExaminationCLL.html"/></extension><reference><reference value="ActivityDefinition/PhysicalExaminationCLL"/></reference><name value="Physical Examination CLL"/><description value="Körperliche Untersuchung bei CLL Patienten"/><isExample value="false"/><groupingId value="-ka-activitydefinition"/></resource><resource><extension url="http://hl7.org/fhir/tools/StructureDefinition/resource-sort"><valueInteger value="999999999"/></extension><extension url="http://hl7.org/fhir/StructureDefinition/implementationguide-page"><valueUri value="ActivityDefinition-PregnancyTestbHCGCLL.html"/></extension><reference><reference value="ActivityDefinition/PregnancyTestbHCGCLL"/></reference><name value="Pregnancy Test betaHCG CLL"/><description value="Pregnancy Test betaHCG CLL"/><isExample value="false"/><groupingId value="-ka-activitydefinition"/></resource><resource><extension url="http://hl7.org/fhir/tools/StructureDefinition/resource-sort"><valueInteger value="999999999"/></extension><extension url="http://hl7.org/fhir/StructureDefinition/implementationguide-page"><valueUri value="ActivityDefinition-ErstlinieMitBTKbeiCLL.html"/></extension><reference><reference value="ActivityDefinition/ErstlinieMitBTKbeiCLL"/></reference><name value="Rezidivtherapie mit BTK-Inhibitor bei CLL"/><description value="Rezidivtherapie mit BTK-Inhibitor bei CLL"/><isExample value="false"/><groupingId value="-ka-activitydefinition"/></resource><resource><extension url="http://hl7.org/fhir/tools/StructureDefinition/resource-sort"><valueInteger value="999999999"/></extension><extension url="http://hl7.org/fhir/StructureDefinition/implementationguide-page"><valueUri value="ActivityDefinition-RezidivtherapieMitBTKbeiCLL.html"/></extension><reference><reference value="ActivityDefinition/RezidivtherapieMitBTKbeiCLL"/></reference><name value="Rezidivtherapie mit BTK-Inhibitor bei CLL"/><description value="Rezidivtherapie mit BTK-Inhibitor bei CLL"/><isExample value="false"/><groupingId value="-ka-activitydefinition"/></resource><resource><extension url="http://hl7.org/fhir/tools/StructureDefinition/resource-sort"><valueInteger value="999999999"/></extension><extension url="http://hl7.org/fhir/StructureDefinition/implementationguide-page"><valueUri value="ActivityDefinition-TherapieIndikationCLL.html"/></extension><reference><reference value="ActivityDefinition/TherapieIndikationCLL"/></reference><name value="TherapieIndikationCLL"/><description value="Therapie Indikation bei CLL"/><isExample value="false"/><groupingId value="-ka-activitydefinition"/></resource><resource><extension url="http://hl7.org/fhir/tools/StructureDefinition/resource-sort"><valueInteger value="999999999"/></extension><extension url="http://hl7.org/fhir/StructureDefinition/implementationguide-page"><valueUri value="ActivityDefinition-MicroscopyWhiteBloodCellCountCLL.html"/></extension><reference><reference value="ActivityDefinition/MicroscopyWhiteBloodCellCountCLL"/></reference><name value="White cell Differential Microscopy CLL"/><description value="Mikroskopisches Differentialblutbild"/><isExample value="false"/><groupingId value="-ka-activitydefinition"/></resource><resource><extension url="http://hl7.org/fhir/tools/StructureDefinition/resource-sort"><valueInteger value="999999999"/></extension><extension url="http://hl7.org/fhir/StructureDefinition/implementationguide-page"><valueUri value="PlanDefinition-CLLTherapieindikationBinetAB.html"/></extension><reference><reference value="PlanDefinition/CLLTherapieindikationBinetAB"/></reference><name value="CLL Therapieindikation Binet A B"/><description value="Die Indikation zur Therapie in Abhängigkeit der Symptomatik wenn Binet A oder B vorliegt"/><isExample value="false"/><groupingId value="-ka-plandefinition"/></resource><resource><extension url="http://hl7.org/fhir/tools/StructureDefinition/resource-sort"><valueInteger value="999999999"/></extension><extension url="http://hl7.org/fhir/StructureDefinition/implementationguide-page"><valueUri value="PlanDefinition-CLLTherapieindikationBinetC.html"/></extension><reference><reference value="PlanDefinition/CLLTherapieindikationBinetC"/></reference><name value="CLL Therapieindikation Binet C"/><description value="Die Indikation zur Therapie besteht bei Übergang in Stadium Binet C"/><isExample value="false"/><groupingId value="-ka-plandefinition"/></resource><resource><extension url="http://hl7.org/fhir/tools/StructureDefinition/resource-sort"><valueInteger value="999999999"/></extension><extension url="http://hl7.org/fhir/StructureDefinition/implementationguide-page"><valueUri value="PlanDefinition-ErstlinieBCL2undBTKbeiCLL.html"/></extension><reference><reference value="PlanDefinition/ErstlinieBCL2undBTKbeiCLL"/></reference><name value="Erstlinientherapie mit BCL-2- und oder BTK-Inhibitor bei CLL"/><description value="Patient*innen mit CLL sollen in der Erstlinienbehandlung mit einer BCL-2-Inhibitor- und/oder BTK-Inhibitor-basierten Therapie behandelt werden."/><isExample value="false"/><groupingId value="-ka-plandefinition"/></resource><resource><extension url="http://hl7.org/fhir/tools/StructureDefinition/resource-sort"><valueInteger value="999999999"/></extension><extension url="http://hl7.org/fhir/StructureDefinition/implementationguide-page"><valueUri value="PlanDefinition-QIMutationsstatusVorTherapie.html"/></extension><reference><reference value="PlanDefinition/QIMutationsstatusVorTherapie"/></reference><name value="QI 2: Bestimmung TP53-Deletions- und TP53-/IGHV-Mutationsstatus vor erster systemischer CLL-Therapie (modifiziert 2024)"/><description value="Folgende Untersuchungsverfahren sollen vor Einleitung einer neuen Therapielinie zur Anwendung kommen: (I) Bestimmung des TP53-Deletions- und Mutationsstatus (FISH hinsichtlich del(17)(p13) und TP53-Mutationsanalyse); (II) Erhebung des IGHV-Mutationsstatus (sofern noch nicht bekannt)"/><isExample value="false"/><groupingId value="-ka-plandefinition"/></resource><resource><extension url="http://hl7.org/fhir/tools/StructureDefinition/resource-sort"><valueInteger value="999999999"/></extension><extension url="http://hl7.org/fhir/StructureDefinition/implementationguide-page"><valueUri value="PlanDefinition-RecCollectionQIMutationsstatusVorTherapie.html"/></extension><reference><reference value="PlanDefinition/RecCollectionQIMutationsstatusVorTherapie"/></reference><name value="QI 2: Bestimmung TP53-Deletions- und TP53-/IGHV-Mutationsstatus vor erster systemischer CLL-Therapie (modifiziert 2024)"/><description value="Folgende Untersuchungsverfahren sollen vor Einleitung einer neuen Therapielinie zur Anwendung kommen: (I) Bestimmung des TP53-Deletions- und Mutationsstatus (FISH hinsichtlich del(17)(p13) und TP53-Mutationsanalyse); (II) Erhebung des IGHV-Mutationsstatus (sofern noch nicht bekannt)"/><isExample value="false"/><groupingId value="-ka-plandefinition"/></resource><resource><extension url="http://hl7.org/fhir/tools/StructureDefinition/resource-sort"><valueInteger value="999999999"/></extension><extension url="http://hl7.org/fhir/StructureDefinition/implementationguide-page"><valueUri value="PlanDefinition-RecCollectionQIRezidivKlinischeStudien.html"/></extension><reference><reference value="PlanDefinition/RecCollectionQIRezidivKlinischeStudien"/></reference><name value="QI 4: Einschluss von CLL-Pat. mit Rezidiv in klinische Studien (modifiziert 2024)"/><description value="Patient*innen mit einem Rezidiv sollen, sofern eine passende klinische Studie verfügbar ist, die Therapie im Rahmen einer klinischen Studie angeboten werden."/><isExample value="false"/><groupingId value="-ka-plandefinition"/></resource><resource><extension url="http://hl7.org/fhir/tools/StructureDefinition/resource-sort"><valueInteger value="999999999"/></extension><extension url="http://hl7.org/fhir/StructureDefinition/implementationguide-page"><valueUri value="PlanDefinition-QIRezidivKlinischeStudien.html"/></extension><reference><reference value="PlanDefinition/QIRezidivKlinischeStudien"/></reference><name value="QI 4: Einschluss von CLL-Pat. mit Rezidiv in klinische Studien (modifiziert 2024))"/><description value="Patient*innen mit einem Rezidiv sollen, sofern eine passende klinische Studie verfügbar ist, die Therapie im Rahmen einer klinischen Studie angeboten werden.)"/><isExample value="false"/><groupingId value="-ka-plandefinition"/></resource><resource><extension url="http://hl7.org/fhir/tools/StructureDefinition/resource-sort"><valueInteger value="999999999"/></extension><extension url="http://hl7.org/fhir/StructureDefinition/implementationguide-page"><valueUri value="PlanDefinition-QICLLErstlinienTherapie.html"/></extension><reference><reference value="PlanDefinition/QICLLErstlinienTherapie"/></reference><name value="QI 5: Bcl-2- oder BTK-Inhibitor-basierten Therapie als Erstlinientherapie (neu 2024)"/><description value="Patient*innen mit CLL sollen in der Erstlinienbehandlung mit einer Bcl-2- oder BTK-Inhibitor-basierten Therapie behandelt werden."/><isExample value="false"/><groupingId value="-ka-plandefinition"/></resource><resource><extension url="http://hl7.org/fhir/tools/StructureDefinition/resource-sort"><valueInteger value="999999999"/></extension><extension url="http://hl7.org/fhir/StructureDefinition/implementationguide-page"><valueUri value="PlanDefinition-RecCollectionQIMedikationErstlinienTherapie.html"/></extension><reference><reference value="PlanDefinition/RecCollectionQIMedikationErstlinienTherapie"/></reference><name value="QI 5: Bcl-2- oder BTK-Inhibitor-basierten Therapie als Erstlinientherapie (neu 2024)"/><description value="Patient*innen mit CLL sollen in der Erstlinienbehandlung mit einer Bcl-2- oder BTK-Inhibitor-basierten Therapie behandelt werden."/><isExample value="false"/><groupingId value="-ka-plandefinition"/></resource><resource><extension url="http://hl7.org/fhir/tools/StructureDefinition/resource-sort"><valueInteger value="999999999"/></extension><extension url="http://hl7.org/fhir/StructureDefinition/implementationguide-page"><valueUri value="PlanDefinition-RecCollectionErstlinieBCL2undBTKbeiCLL.html"/></extension><reference><reference value="PlanDefinition/RecCollectionErstlinieBCL2undBTKbeiCLL"/></reference><name value="Recommendation Collection CLL: Erstlinien-Behandlung mit BCL-2-Inhib. Oder BTK-Inhibitor (4.3)"/><description value="Patient*innen mit CLL sollen in der Erstlinienbehandlung mit einer BCL-2-Inhibitor- und/oder BTK-Inhibitor-basierten Therapie behandelt werden."/><isExample value="false"/><groupingId value="-ka-plandefinition"/></resource><resource><extension url="http://hl7.org/fhir/tools/StructureDefinition/resource-sort"><valueInteger value="999999999"/></extension><extension url="http://hl7.org/fhir/StructureDefinition/implementationguide-page"><valueUri value="PlanDefinition-RecCollectionRezidivtherapieBCL2undBTKbeiCLL.html"/></extension><reference><reference value="PlanDefinition/RecCollectionRezidivtherapieBCL2undBTKbeiCLL"/></reference><name value="Recommendation Collection CLL: Rezidivbehandlung mit BCL-2-Inhib. Oder BTK-Inhibitor (5.4)"/><description value="Als Rezidivtherapie sollen die zeitlich begrenzte, Venetoclax- basierte Behandlung oder die Dauertherapien mit einem BTK-Inhibitor (Acalabrutinib, Zanubrutinib, Ibrutinib) einer Chemoimmuntherapie vorgezogen werden."/><isExample value="false"/><groupingId value="-ka-plandefinition"/></resource><resource><extension url="http://hl7.org/fhir/tools/StructureDefinition/resource-sort"><valueInteger value="999999999"/></extension><extension url="http://hl7.org/fhir/StructureDefinition/implementationguide-page"><valueUri value="PlanDefinition-RecCollectionTherapieplanungBinetCLL.html"/></extension><reference><reference value="PlanDefinition/RecCollectionTherapieplanungBinetCLL"/></reference><name value="Recommendation Collection CLL: Therapieindikation nach Binet Stadium (4.1)"/><description value="Die Indikation zur Therapie besteht in Abhängigkeit der Symptomatik oder bei Übergang in Stadium Binet C"/><isExample value="false"/><groupingId value="-ka-plandefinition"/></resource><resource><extension url="http://hl7.org/fhir/tools/StructureDefinition/resource-sort"><valueInteger value="999999999"/></extension><extension url="http://hl7.org/fhir/StructureDefinition/implementationguide-page"><valueUri value="PlanDefinition-RecCollectionUntersuchungenVorCLLPlanungOnkoTherapie.html"/></extension><reference><reference value="PlanDefinition/RecCollectionUntersuchungenVorCLLPlanungOnkoTherapie"/></reference><name value="Recommendation Collection CLL: Untersuchungen vor Therapieeinleitung (3.11)"/><description value="Folgende Untersuchungsverfahren sollen zeitnah vor Einleitung einer neuen Therapielinie zur Anwendung kommen:"/><isExample value="false"/><groupingId value="-ka-plandefinition"/></resource><resource><extension url="http://hl7.org/fhir/tools/StructureDefinition/resource-sort"><valueInteger value="999999999"/></extension><extension url="http://hl7.org/fhir/StructureDefinition/implementationguide-page"><valueUri value="PlanDefinition-RezidivBehandlungBCL2undBTKbeiCLL.html"/></extension><reference><reference value="PlanDefinition/RezidivBehandlungBCL2undBTKbeiCLL"/></reference><name value="Rezidivbehandlung mit BCL-2-Inhib. Oder Acalabrutinib"/><description value="Als Rezidivtherapie sollen die zeitlich begrenzte, Venetoclax- basierte Behandlung oder die Dauertherapien mit einem Acalabrutinib (Acalabrutinib, Zanubrutinib, Ibrutinib) einer Chemoimmuntherapie vorgezogen werden."/><isExample value="false"/><groupingId value="-ka-plandefinition"/></resource><resource><extension url="http://hl7.org/fhir/tools/StructureDefinition/resource-sort"><valueInteger value="999999999"/></extension><extension url="http://hl7.org/fhir/StructureDefinition/implementationguide-page"><valueUri value="PlanDefinition-UntersuchungenVorCLLPlanungOnkoTherapie.html"/></extension><reference><reference value="PlanDefinition/UntersuchungenVorCLLPlanungOnkoTherapie"/></reference><name value="Untersuchung vor Einleitung einer CLL Therapielinie "/><description value="Untersuchung die vor der Einleitung einer CLL Therapielinie vorliegen sollen"/><isExample value="false"/><groupingId value="-ka-plandefinition"/></resource><resource><extension url="http://hl7.org/fhir/tools/StructureDefinition/resource-sort"><valueInteger value="999999999"/></extension><extension url="http://hl7.org/fhir/StructureDefinition/implementationguide-page"><valueUri value="PlanDefinition-UntersuchungenVorPlanungOnkoTherapieFertileFemale.html"/></extension><reference><reference value="PlanDefinition/UntersuchungenVorPlanungOnkoTherapieFertileFemale"/></reference><name value="Untersuchung vor Einleitung einer CLL Therapielinie bei gebährfähige Frauen"/><description value="Untersuchung die vor der Einleitung einer CLL Therapielinie CLL und Planung Onkologische Therapielinie gebährfähige Frauen vorliegen sollen"/><isExample value="false"/><groupingId value="-ka-plandefinition"/></resource><resource><extension url="http://hl7.org/fhir/tools/StructureDefinition/resource-sort"><valueInteger value="999999999"/></extension><extension url="http://hl7.org/fhir/StructureDefinition/implementationguide-page"><valueUri value="PlanDefinition-UntersuchungenVorPlanungOnkoTherapieIdelalisib.html"/></extension><reference><reference value="PlanDefinition/UntersuchungenVorPlanungOnkoTherapieIdelalisib"/></reference><name value="Untersuchung vor Einleitung einer CLL Therapielinie mit Idelalisib"/><description value="Untersuchung die vor der Einleitung einer CLL Therapielinie CLL und Planung Onkologische Therapielinie mit Idelalisib vorliegen sollen"/><isExample value="false"/><groupingId value="-ka-plandefinition"/></resource><resource><extension url="http://hl7.org/fhir/tools/StructureDefinition/resource-sort"><valueInteger value="999999999"/></extension><extension url="http://hl7.org/fhir/StructureDefinition/implementationguide-page"><valueUri value="PlanDefinition-UntersuchungenWhileTherapieIdelalisib.html"/></extension><reference><reference value="PlanDefinition/UntersuchungenWhileTherapieIdelalisib"/></reference><name value="Untersuchung waehrend CLL Therapielinie mit Idelalisib"/><description value="regelmäßige Untersuchung waehrend CLL Therapie mit Idelalisib"/><isExample value="false"/><groupingId value="-ka-plandefinition"/></resource><resource><extension url="http://hl7.org/fhir/tools/StructureDefinition/resource-sort"><valueInteger value="999999999"/></extension><extension url="http://hl7.org/fhir/StructureDefinition/implementationguide-page"><valueUri value="CodeSystem-cll-v2.html"/></extension><reference><reference value="CodeSystem/cll-v2"/></reference><name value="CLL_V2"/><description value="Concepts required in recommendations that are not defined elsewhere"/><isExample value="false"/><groupingId value="-term-codesystem"/></resource><resource><extension url="http://hl7.org/fhir/tools/StructureDefinition/resource-sort"><valueInteger value="999999999"/></extension><extension url="http://hl7.org/fhir/StructureDefinition/implementationguide-page"><valueUri value="EvidenceVariable-PopulationQIRezidivKlinischeStudien.html"/></extension><reference><reference value="EvidenceVariable/PopulationQIRezidivKlinischeStudien"/></reference><name value="Population CLL Rezidiv einschluss in klinische Studien"/><description value="Population CLL Pat. mit Rezidiv"/><isExample value="false"/><groupingId value="-other"/></resource><resource><extension url="http://hl7.org/fhir/tools/StructureDefinition/resource-sort"><valueInteger value="999999999"/></extension><extension url="http://hl7.org/fhir/StructureDefinition/implementationguide-page"><valueUri value="EvidenceVariable-PopulationQIMutationsstatusVorTherapie.html"/></extension><reference><reference value="EvidenceVariable/PopulationQIMutationsstatusVorTherapie"/></reference><name value="Population Genetischer Mutationsstatus vor Therapie"/><description value="Population mit einer Chronisch Lymphatische Leukämie unter Erstlinientherapie"/><isExample value="false"/><groupingId value="-other"/></resource><resource><extension url="http://hl7.org/fhir/tools/StructureDefinition/resource-sort"><valueInteger value="999999999"/></extension><extension url="http://hl7.org/fhir/StructureDefinition/implementationguide-page"><valueUri value="EvidenceVariable-PopulationQIMedikationErstlinienTherapie.html"/></extension><reference><reference value="EvidenceVariable/PopulationQIMedikationErstlinienTherapie"/></reference><name value="Population für CLL Erstlinien-Therapie"/><description value="Patient*innen mit CLL sollen in der Erstlinienbehandlung mit einer Bcl-2- oder BTK-Inhibitor-basierten Therapie behandelt werden."/><isExample value="false"/><groupingId value="-other"/></resource><resource><extension url="http://hl7.org/fhir/tools/StructureDefinition/resource-sort"><valueInteger value="999999999"/></extension><extension url="http://hl7.org/fhir/StructureDefinition/implementationguide-page"><valueUri value="EvidenceVariable-PopulationCLLOnkoTherapieIdelalisib.html"/></extension><reference><reference value="EvidenceVariable/PopulationCLLOnkoTherapieIdelalisib"/></reference><name value="Population: CLL onkologische Therapielinie mit Idelalisib Frauen"/><description value="Population, die eine Chronisch Lymphatische Leukämie hat und die mit Idelalisib behandelt werden"/><isExample value="false"/><groupingId value="-other"/></resource><resource><extension url="http://hl7.org/fhir/tools/StructureDefinition/resource-sort"><valueInteger value="999999999"/></extension><extension url="http://hl7.org/fhir/StructureDefinition/implementationguide-page"><valueUri value="EvidenceVariable-PopulationCLLBinetAB.html"/></extension><reference><reference value="EvidenceVariable/PopulationCLLBinetAB"/></reference><name value="Population: CLL und Binet Stadium AB "/><description value="Population, bei der Binet A oder B sowie eine bestimmte klinische Symptomatik vorliegt"/><isExample value="false"/><groupingId value="-other"/></resource><resource><extension url="http://hl7.org/fhir/tools/StructureDefinition/resource-sort"><valueInteger value="999999999"/></extension><extension url="http://hl7.org/fhir/StructureDefinition/implementationguide-page"><valueUri value="EvidenceVariable-PopulationCLLBinetC.html"/></extension><reference><reference value="EvidenceVariable/PopulationCLLBinetC"/></reference><name value="Population: CLL und Binet Stadium C"/><description value="Population, die eine Chronisch Lymphatische Leukämie hat und bei der eine Binet Stadium C vorliegt"/><isExample value="false"/><groupingId value="-other"/></resource><resource><extension url="http://hl7.org/fhir/tools/StructureDefinition/resource-sort"><valueInteger value="999999999"/></extension><extension url="http://hl7.org/fhir/StructureDefinition/implementationguide-page"><valueUri value="EvidenceVariable-PopulationCLLErstlinientherapie.html"/></extension><reference><reference value="EvidenceVariable/PopulationCLLErstlinientherapie"/></reference><name value="Population: CLL und Erstlinientherapie"/><description value="Population, die eine Chronisch Lymphatische Leukämie hat und eine Erstlinientherapie bekommt"/><isExample value="false"/><groupingId value="-other"/></resource><resource><extension url="http://hl7.org/fhir/tools/StructureDefinition/resource-sort"><valueInteger value="999999999"/></extension><extension url="http://hl7.org/fhir/StructureDefinition/implementationguide-page"><valueUri value="EvidenceVariable-PopulationCLLPlanungOnkoTherapie.html"/></extension><reference><reference value="EvidenceVariable/PopulationCLLPlanungOnkoTherapie"/></reference><name value="Population: CLL und Planung Onkologische Therapielinie"/><description value="Population mit einer Chronisch Lymphatische Leukämie und einem behandlungsbedürftigen Progress"/><isExample value="false"/><groupingId value="-other"/></resource><resource><extension url="http://hl7.org/fhir/tools/StructureDefinition/resource-sort"><valueInteger value="999999999"/></extension><extension url="http://hl7.org/fhir/StructureDefinition/implementationguide-page"><valueUri value="EvidenceVariable-PopulationCLLPlanungOnkoTherapieFertileFemale.html"/></extension><reference><reference value="EvidenceVariable/PopulationCLLPlanungOnkoTherapieFertileFemale"/></reference><name value="Population: CLL und Planung Onkologische Therapielinie gebährfähige Frauen"/><description value="Population mit einer Chronisch Lymphatische Leukämie, einem behandlungsbedürftigen Progress und weiblich in einem gebährfähigen Alter"/><isExample value="false"/><groupingId value="-other"/></resource><resource><extension url="http://hl7.org/fhir/tools/StructureDefinition/resource-sort"><valueInteger value="999999999"/></extension><extension url="http://hl7.org/fhir/StructureDefinition/implementationguide-page"><valueUri value="EvidenceVariable-PopulationCLLPlanungOnkoTherapieIdelalisib.html"/></extension><reference><reference value="EvidenceVariable/PopulationCLLPlanungOnkoTherapieIdelalisib"/></reference><name value="Population: CLL und Planung Onkologische Therapielinie mit Idelalisib"/><description value="Population mit einer Chronisch Lymphatische Leukämie, einem behandlungsbedürftigen Progress und bei der eine Therapieplanung mit Idelalisib ansteht"/><isExample value="false"/><groupingId value="-other"/></resource><resource><extension url="http://hl7.org/fhir/tools/StructureDefinition/resource-sort"><valueInteger value="999999999"/></extension><extension url="http://hl7.org/fhir/StructureDefinition/implementationguide-page"><valueUri value="EvidenceVariable-PopulationCLLRezidivtherapie.html"/></extension><reference><reference value="EvidenceVariable/PopulationCLLRezidivtherapie"/></reference><name value="Population: CLL und Rezidivtherapie"/><description value="Population, die eine Chronisch Lymphatische Leukämie hat und eine Rezidivtherapie bekommt"/><isExample value="false"/><groupingId value="-other"/></resource><page><sourceUrl value="toc.html"/><name value="toc.html"/><title value="Table of Contents"/><generation value="html"/><page><sourceUrl value="index.html"/><name value="index.html"/><title value="Index"/><generation value="markdown"/></page><page><sourceUrl value="downloads.html"/><name value="downloads.html"/><title value="Downloads"/><generation value="html"/></page><page><sourceUrl value="changelog.html"/><name value="changelog.html"/><title value="Change Log"/><generation value="markdown"/></page><page><sourceUrl value="artifacts.html"/><name value="artifacts.html"/><title value="Artifacts Summary"/><generation value="html"/><page><sourceUrl value="ActivityDefinition-AbdomialUltrasonographyCLL.html"/><name value="ActivityDefinition-AbdomialUltrasonographyCLL.html"/><title value="Abdomial Ultrasonography CLL"/><generation value="generated"/></page><page><sourceUrl value="ActivityDefinition-AssessmentComorbiditiesCLL.html"/><name value="ActivityDefinition-AssessmentComorbiditiesCLL.html"/><title value="Assesment Comorbidities CLL"/><generation value="generated"/></page><page><sourceUrl value="ActivityDefinition-AssessmentECOGScoreCLL.html"/><name value="ActivityDefinition-AssessmentECOGScoreCLL.html"/><title value="Assesment ECOG Score CLL"/><generation value="generated"/></page><page><sourceUrl value="ActivityDefinition-AssessmentKarnofskyIndexCLL.html"/><name value="ActivityDefinition-AssessmentKarnofskyIndexCLL.html"/><title value="Assesment Karnofsky-Index CLL"/><generation value="generated"/></page><page><sourceUrl value="ActivityDefinition-BinetStagingCLL.html"/><name value="ActivityDefinition-BinetStagingCLL.html"/><title value="Binet Staging CLL"/><generation value="generated"/></page><page><sourceUrl value="ActivityDefinition-ClinicalChemistryTestCLL.html"/><name value="ActivityDefinition-ClinicalChemistryTestCLL.html"/><title value="Clinical Chemistry Test CLL"/><generation value="generated"/></page><page><sourceUrl value="ActivityDefinition-CLLPatientInCLLRelapseStudy.html"/><name value="ActivityDefinition-CLLPatientInCLLRelapseStudy.html"/><title value="CLLPatientInCLLRelapseStudy"/><generation value="generated"/></page><page><sourceUrl value="ActivityDefinition-CMVAntibodyIgGCLL.html"/><name value="ActivityDefinition-CMVAntibodyIgGCLL.html"/><title value="CMV IgG Antibody CLL"/><generation value="generated"/></page><page><sourceUrl value="ActivityDefinition-CMVAntibodyIgMCLL.html"/><name value="ActivityDefinition-CMVAntibodyIgMCLL.html"/><title value="CMV IgM Antibody CLL"/><generation value="generated"/></page><page><sourceUrl value="ActivityDefinition-CMVPCRCLL.html"/><name value="ActivityDefinition-CMVPCRCLL.html"/><title value="CMV PCR CLL"/><generation value="generated"/></page><page><sourceUrl value="ActivityDefinition-CompleteBloodCountAutomatedCLL.html"/><name value="ActivityDefinition-CompleteBloodCountAutomatedCLL.html"/><title value="Complete Blood Count and White cell Differential Automated CLL"/><generation value="generated"/></page><page><sourceUrl value="ActivityDefinition-ErstlinieMitBCL2beiCLL.html"/><name value="ActivityDefinition-ErstlinieMitBCL2beiCLL.html"/><title value="Erstlinienterapie mit BCL2-Inhibitor bei CLL"/><generation value="generated"/></page><page><sourceUrl value="ActivityDefinition-RezidivtherapieMitBCL2beiCLL.html"/><name value="ActivityDefinition-RezidivtherapieMitBCL2beiCLL.html"/><title value="Erstlinienterapie mit BCL2-Inhibitor bei CLL"/><generation value="generated"/></page><page><sourceUrl value="ActivityDefinition-ExaminationLiverSizeCLL.html"/><name value="ActivityDefinition-ExaminationLiverSizeCLL.html"/><title value="Examination liver size CLL"/><generation value="generated"/></page><page><sourceUrl value="ActivityDefinition-ExaminationLymphaticNodesCLL.html"/><name value="ActivityDefinition-ExaminationLymphaticNodesCLL.html"/><title value="Examination Lymphatic nodes CLL"/><generation value="generated"/></page><page><sourceUrl value="ActivityDefinition-ExaminationSpleenSizeCLL.html"/><name value="ActivityDefinition-ExaminationSpleenSizeCLL.html"/><title value="Examination spleen size CLL"/><generation value="generated"/></page><page><sourceUrl value="ActivityDefinition-TP53andDEL17pCLL.html"/><name value="ActivityDefinition-TP53andDEL17pCLL.html"/><title value="FISH hinsichtlich TP53 und DEL17p"/><generation value="generated"/></page><page><sourceUrl value="ActivityDefinition-HBVSerologyCLL.html"/><name value="ActivityDefinition-HBVSerologyCLL.html"/><title value="HBV Serology CLL"/><generation value="generated"/></page><page><sourceUrl value="ActivityDefinition-HCVSerologyCLL.html"/><name value="ActivityDefinition-HCVSerologyCLL.html"/><title value="HCV Serology CLL"/><generation value="generated"/></page><page><sourceUrl value="ActivityDefinition-HEVSerologyCLL.html"/><name value="ActivityDefinition-HEVSerologyCLL.html"/><title value="HEV Serology CLL"/><generation value="generated"/></page><page><sourceUrl value="ActivityDefinition-HistoryTakingCLL.html"/><name value="ActivityDefinition-HistoryTakingCLL.html"/><title value="History Taking CLL"/><generation value="generated"/></page><page><sourceUrl value="ActivityDefinition-HIVSerologyCLL.html"/><name value="ActivityDefinition-HIVSerologyCLL.html"/><title value="HIV Serology CLL"/><generation value="generated"/></page><page><sourceUrl value="ActivityDefinition-IGHVmutationCLL.html"/><name value="ActivityDefinition-IGHVmutationCLL.html"/><title value="IGHV-Mutationsstatus"/><generation value="generated"/></page><page><sourceUrl value="ActivityDefinition-PhysicalExaminationCLL.html"/><name value="ActivityDefinition-PhysicalExaminationCLL.html"/><title value="Physical Examination CLL"/><generation value="generated"/></page><page><sourceUrl value="ActivityDefinition-PregnancyTestbHCGCLL.html"/><name value="ActivityDefinition-PregnancyTestbHCGCLL.html"/><title value="Pregnancy Test betaHCG CLL"/><generation value="generated"/></page><page><sourceUrl value="ActivityDefinition-ErstlinieMitBTKbeiCLL.html"/><name value="ActivityDefinition-ErstlinieMitBTKbeiCLL.html"/><title value="Rezidivtherapie mit BTK-Inhibitor bei CLL"/><generation value="generated"/></page><page><sourceUrl value="ActivityDefinition-RezidivtherapieMitBTKbeiCLL.html"/><name value="ActivityDefinition-RezidivtherapieMitBTKbeiCLL.html"/><title value="Rezidivtherapie mit BTK-Inhibitor bei CLL"/><generation value="generated"/></page><page><sourceUrl value="ActivityDefinition-TherapieIndikationCLL.html"/><name value="ActivityDefinition-TherapieIndikationCLL.html"/><title value="TherapieIndikationCLL"/><generation value="generated"/></page><page><sourceUrl value="ActivityDefinition-MicroscopyWhiteBloodCellCountCLL.html"/><name value="ActivityDefinition-MicroscopyWhiteBloodCellCountCLL.html"/><title value="White cell Differential Microscopy CLL"/><generation value="generated"/></page><page><sourceUrl value="PlanDefinition-CLLTherapieindikationBinetAB.html"/><name value="PlanDefinition-CLLTherapieindikationBinetAB.html"/><title value="CLL Therapieindikation Binet A B"/><generation value="generated"/></page><page><sourceUrl value="PlanDefinition-CLLTherapieindikationBinetC.html"/><name value="PlanDefinition-CLLTherapieindikationBinetC.html"/><title value="CLL Therapieindikation Binet C"/><generation value="generated"/></page><page><sourceUrl value="PlanDefinition-ErstlinieBCL2undBTKbeiCLL.html"/><name value="PlanDefinition-ErstlinieBCL2undBTKbeiCLL.html"/><title value="Erstlinientherapie mit BCL-2- und oder BTK-Inhibitor bei CLL"/><generation value="generated"/></page><page><sourceUrl value="PlanDefinition-QIMutationsstatusVorTherapie.html"/><name value="PlanDefinition-QIMutationsstatusVorTherapie.html"/><title value="QI 2: Bestimmung TP53-Deletions- und TP53-/IGHV-Mutationsstatus vor erster systemischer CLL-Therapie (modifiziert 2024)"/><generation value="generated"/></page><page><sourceUrl value="PlanDefinition-RecCollectionQIMutationsstatusVorTherapie.html"/><name value="PlanDefinition-RecCollectionQIMutationsstatusVorTherapie.html"/><title value="QI 2: Bestimmung TP53-Deletions- und TP53-/IGHV-Mutationsstatus vor erster systemischer CLL-Therapie (modifiziert 2024)"/><generation value="generated"/></page><page><sourceUrl value="PlanDefinition-RecCollectionQIRezidivKlinischeStudien.html"/><name value="PlanDefinition-RecCollectionQIRezidivKlinischeStudien.html"/><title value="QI 4: Einschluss von CLL-Pat. mit Rezidiv in klinische Studien (modifiziert 2024)"/><generation value="generated"/></page><page><sourceUrl value="PlanDefinition-QIRezidivKlinischeStudien.html"/><name value="PlanDefinition-QIRezidivKlinischeStudien.html"/><title value="QI 4: Einschluss von CLL-Pat. mit Rezidiv in klinische Studien (modifiziert 2024))"/><generation value="generated"/></page><page><sourceUrl value="PlanDefinition-QICLLErstlinienTherapie.html"/><name value="PlanDefinition-QICLLErstlinienTherapie.html"/><title value="QI 5: Bcl-2- oder BTK-Inhibitor-basierten Therapie als Erstlinientherapie (neu 2024)"/><generation value="generated"/></page><page><sourceUrl value="PlanDefinition-RecCollectionQIMedikationErstlinienTherapie.html"/><name value="PlanDefinition-RecCollectionQIMedikationErstlinienTherapie.html"/><title value="QI 5: Bcl-2- oder BTK-Inhibitor-basierten Therapie als Erstlinientherapie (neu 2024)"/><generation value="generated"/></page><page><sourceUrl value="PlanDefinition-RecCollectionErstlinieBCL2undBTKbeiCLL.html"/><name value="PlanDefinition-RecCollectionErstlinieBCL2undBTKbeiCLL.html"/><title value="Recommendation Collection CLL: Erstlinien-Behandlung mit BCL-2-Inhib. Oder BTK-Inhibitor (4.3)"/><generation value="generated"/></page><page><sourceUrl value="PlanDefinition-RecCollectionRezidivtherapieBCL2undBTKbeiCLL.html"/><name value="PlanDefinition-RecCollectionRezidivtherapieBCL2undBTKbeiCLL.html"/><title value="Recommendation Collection CLL: Rezidivbehandlung mit BCL-2-Inhib. Oder BTK-Inhibitor (5.4)"/><generation value="generated"/></page><page><sourceUrl value="PlanDefinition-RecCollectionTherapieplanungBinetCLL.html"/><name value="PlanDefinition-RecCollectionTherapieplanungBinetCLL.html"/><title value="Recommendation Collection CLL: Therapieindikation nach Binet Stadium (4.1)"/><generation value="generated"/></page><page><sourceUrl value="PlanDefinition-RecCollectionUntersuchungenVorCLLPlanungOnkoTherapie.html"/><name value="PlanDefinition-RecCollectionUntersuchungenVorCLLPlanungOnkoTherapie.html"/><title value="Recommendation Collection CLL: Untersuchungen vor Therapieeinleitung (3.11)"/><generation value="generated"/></page><page><sourceUrl value="PlanDefinition-RezidivBehandlungBCL2undBTKbeiCLL.html"/><name value="PlanDefinition-RezidivBehandlungBCL2undBTKbeiCLL.html"/><title value="Rezidivbehandlung mit BCL-2-Inhib. Oder Acalabrutinib"/><generation value="generated"/></page><page><sourceUrl value="PlanDefinition-UntersuchungenVorCLLPlanungOnkoTherapie.html"/><name value="PlanDefinition-UntersuchungenVorCLLPlanungOnkoTherapie.html"/><title value="Untersuchung vor Einleitung einer CLL Therapielinie "/><generation value="generated"/></page><page><sourceUrl value="PlanDefinition-UntersuchungenVorPlanungOnkoTherapieFertileFemale.html"/><name value="PlanDefinition-UntersuchungenVorPlanungOnkoTherapieFertileFemale.html"/><title value="Untersuchung vor Einleitung einer CLL Therapielinie bei gebährfähige Frauen"/><generation value="generated"/></page><page><sourceUrl value="PlanDefinition-UntersuchungenVorPlanungOnkoTherapieIdelalisib.html"/><name value="PlanDefinition-UntersuchungenVorPlanungOnkoTherapieIdelalisib.html"/><title value="Untersuchung vor Einleitung einer CLL Therapielinie mit Idelalisib"/><generation value="generated"/></page><page><sourceUrl value="PlanDefinition-UntersuchungenWhileTherapieIdelalisib.html"/><name value="PlanDefinition-UntersuchungenWhileTherapieIdelalisib.html"/><title value="Untersuchung waehrend CLL Therapielinie mit Idelalisib"/><generation value="generated"/></page><page><sourceUrl value="CodeSystem-cll-v2.html"/><name value="CodeSystem-cll-v2.html"/><title value="CLL_V2"/><generation value="generated"/></page><page><sourceUrl value="EvidenceVariable-PopulationQIRezidivKlinischeStudien.html"/><name value="EvidenceVariable-PopulationQIRezidivKlinischeStudien.html"/><title value="Population CLL Rezidiv einschluss in klinische Studien"/><generation value="generated"/></page><page><sourceUrl value="EvidenceVariable-PopulationQIMedikationErstlinienTherapie.html"/><name value="EvidenceVariable-PopulationQIMedikationErstlinienTherapie.html"/><title value="Population für CLL Erstlinien-Therapie"/><generation value="generated"/></page><page><sourceUrl value="EvidenceVariable-PopulationQIMutationsstatusVorTherapie.html"/><name value="EvidenceVariable-PopulationQIMutationsstatusVorTherapie.html"/><title value="Population Genetischer Mutationsstatus vor Therapie"/><generation value="generated"/></page><page><sourceUrl value="EvidenceVariable-PopulationCLLOnkoTherapieIdelalisib.html"/><name value="EvidenceVariable-PopulationCLLOnkoTherapieIdelalisib.html"/><title value="Population: CLL onkologische Therapielinie mit Idelalisib Frauen"/><generation value="generated"/></page><page><sourceUrl value="EvidenceVariable-PopulationCLLBinetAB.html"/><name value="EvidenceVariable-PopulationCLLBinetAB.html"/><title value="Population: CLL und Binet Stadium AB "/><generation value="generated"/></page><page><sourceUrl value="EvidenceVariable-PopulationCLLBinetC.html"/><name value="EvidenceVariable-PopulationCLLBinetC.html"/><title value="Population: CLL und Binet Stadium C"/><generation value="generated"/></page><page><sourceUrl value="EvidenceVariable-PopulationCLLErstlinientherapie.html"/><name value="EvidenceVariable-PopulationCLLErstlinientherapie.html"/><title value="Population: CLL und Erstlinientherapie"/><generation value="generated"/></page><page><sourceUrl value="EvidenceVariable-PopulationCLLPlanungOnkoTherapie.html"/><name value="EvidenceVariable-PopulationCLLPlanungOnkoTherapie.html"/><title value="Population: CLL und Planung Onkologische Therapielinie"/><generation value="generated"/></page><page><sourceUrl value="EvidenceVariable-PopulationCLLPlanungOnkoTherapieFertileFemale.html"/><name value="EvidenceVariable-PopulationCLLPlanungOnkoTherapieFertileFemale.html"/><title value="Population: CLL und Planung Onkologische Therapielinie gebährfähige Frauen"/><generation value="generated"/></page><page><sourceUrl value="EvidenceVariable-PopulationCLLPlanungOnkoTherapieIdelalisib.html"/><name value="EvidenceVariable-PopulationCLLPlanungOnkoTherapieIdelalisib.html"/><title value="Population: CLL und Planung Onkologische Therapielinie mit Idelalisib"/><generation value="generated"/></page><page><sourceUrl value="EvidenceVariable-PopulationCLLRezidivtherapie.html"/><name value="EvidenceVariable-PopulationCLLRezidivtherapie.html"/><title value="Population: CLL und Rezidivtherapie"/><generation value="generated"/></page></page></page><parameter><code><system value="http://hl7.org/fhir/tools/CodeSystem/ig-parameters"/><code value="copyrightyear"/></code><value value="2023+"/></parameter><parameter><code><system value="http://hl7.org/fhir/tools/CodeSystem/ig-parameters"/><code value="releaselabel"/></code><value value="ci-build"/></parameter><parameter><code><system value="http://hl7.org/fhir/tools/CodeSystem/ig-parameters"/><code value="active-tables"/></code><value value="true"/></parameter><parameter><code><system value="http://hl7.org/fhir/tools/CodeSystem/ig-parameters"/><code value="apply-contact"/></code><value value="false"/></parameter><parameter><code><system value="http://hl7.org/fhir/tools/CodeSystem/ig-parameters"/><code value="apply-jurisdiction"/></code><value value="false"/></parameter><parameter><code><system value="http://hl7.org/fhir/tools/CodeSystem/ig-parameters"/><code value="apply-publisher"/></code><value value="false"/></parameter><parameter><code><system value="http://hl7.org/fhir/tools/CodeSystem/ig-parameters"/><code value="apply-version"/></code><value value="false"/></parameter><parameter><code><system value="http://hl7.org/fhir/tools/CodeSystem/ig-parameters"/><code value="show-inherited-invariants"/></code><value value="false"/></parameter><parameter><code><system value="http://hl7.org/fhir/tools/CodeSystem/ig-parameters"/><code value="usage-stats-opt-out"/></code><value value="true"/></parameter><parameter><code><system value="http://hl7.org/fhir/tools/CodeSystem/ig-parameters"/><code value="excludexml"/></code><value value="false"/></parameter><parameter><code><system value="http://hl7.org/fhir/tools/CodeSystem/ig-parameters"/><code value="excludejsn"/></code><value value="false"/></parameter><parameter><code><system value="http://hl7.org/fhir/tools/CodeSystem/ig-parameters"/><code value="excludettl"/></code><value value="true"/></parameter><parameter><code><system value="http://hl7.org/fhir/tools/CodeSystem/ig-parameters"/><code value="excludemap"/></code><value value="true"/></parameter><parameter><code><system value="http://hl7.org/fhir/tools/CodeSystem/ig-parameters"/><code value="excludeexample"/></code><value value="true"/></parameter><parameter><code><system value="http://hl7.org/fhir/tools/CodeSystem/ig-parameters"/><code value="extension-domain"/></code><value value="https://www.netzwerk-universitaetsmedizin.de"/></parameter><parameter><code><system value="http://hl7.org/fhir/tools/CodeSystem/ig-parameters"/><code value="extension-domain"/></code><value value="https://www.medizin.uni-greifswald.de"/></parameter><parameter><code><system value="http://hl7.org/fhir/tools/CodeSystem/ig-parameters"/><code value="extension-domain"/></code><value value="https://simplifier.net"/></parameter><parameter><code><system value="http://hl7.org/fhir/tools/CodeSystem/ig-parameters"/><code value="autoload-resources"/></code><value value="true"/></parameter><parameter><code><system value="http://hl7.org/fhir/guide-parameter-code"/><code value="path-resource"/></code><value value="input/capabilities"/></parameter><parameter><code><system value="http://hl7.org/fhir/guide-parameter-code"/><code value="path-resource"/></code><value value="input/examples"/></parameter><parameter><code><system value="http://hl7.org/fhir/guide-parameter-code"/><code value="path-resource"/></code><value value="input/extensions"/></parameter><parameter><code><system value="http://hl7.org/fhir/guide-parameter-code"/><code value="path-resource"/></code><value value="input/models"/></parameter><parameter><code><system value="http://hl7.org/fhir/guide-parameter-code"/><code value="path-resource"/></code><value value="input/operations"/></parameter><parameter><code><system value="http://hl7.org/fhir/guide-parameter-code"/><code value="path-resource"/></code><value value="input/profiles"/></parameter><parameter><code><system value="http://hl7.org/fhir/guide-parameter-code"/><code value="path-resource"/></code><value value="input/resources"/></parameter><parameter><code><system value="http://hl7.org/fhir/guide-parameter-code"/><code value="path-resource"/></code><value value="input/vocabulary"/></parameter><parameter><code><system value="http://hl7.org/fhir/guide-parameter-code"/><code value="path-resource"/></code><value value="input/maps"/></parameter><parameter><code><system value="http://hl7.org/fhir/guide-parameter-code"/><code value="path-resource"/></code><value value="input/testing"/></parameter><parameter><code><system value="http://hl7.org/fhir/guide-parameter-code"/><code value="path-resource"/></code><value value="input/history"/></parameter><parameter><code><system value="http://hl7.org/fhir/guide-parameter-code"/><code value="path-resource"/></code><value value="fsh-generated/resources"/></parameter><parameter><code><system value="http://hl7.org/fhir/guide-parameter-code"/><code value="path-pages"/></code><value value="template/config"/></parameter><parameter><code><system value="http://hl7.org/fhir/guide-parameter-code"/><code value="path-pages"/></code><value value="input/images"/></parameter><parameter><code><system value="http://hl7.org/fhir/tools/CodeSystem/ig-parameters"/><code value="path-liquid"/></code><value value="template/liquid"/></parameter><parameter><code><system value="http://hl7.org/fhir/tools/CodeSystem/ig-parameters"/><code value="path-liquid"/></code><value value="input/liquid"/></parameter><parameter><code><system value="http://hl7.org/fhir/tools/CodeSystem/ig-parameters"/><code value="path-qa"/></code><value value="temp/qa"/></parameter><parameter><code><system value="http://hl7.org/fhir/tools/CodeSystem/ig-parameters"/><code value="path-temp"/></code><value value="temp/pages"/></parameter><parameter><code><system value="http://hl7.org/fhir/tools/CodeSystem/ig-parameters"/><code value="path-output"/></code><value value="output"/></parameter><parameter><code><system value="http://hl7.org/fhir/guide-parameter-code"/><code value="path-tx-cache"/></code><value value="input-cache/txcache"/></parameter><parameter><code><system value="http://hl7.org/fhir/tools/CodeSystem/ig-parameters"/><code value="path-suppressed-warnings"/></code><value value="input/ignoreWarnings.txt"/></parameter><parameter><code><system value="http://hl7.org/fhir/tools/CodeSystem/ig-parameters"/><code value="path-history"/></code><value value="https://www.medizin.uni-greifswald.de/fhir/guideline/cll/history.html"/></parameter><parameter><code><system value="http://hl7.org/fhir/tools/CodeSystem/ig-parameters"/><code value="template-html"/></code><value value="template-page.html"/></parameter><parameter><code><system value="http://hl7.org/fhir/tools/CodeSystem/ig-parameters"/><code value="template-md"/></code><value value="template-page-md.html"/></parameter><parameter><code><system value="http://hl7.org/fhir/tools/CodeSystem/ig-parameters"/><code value="apply-context"/></code><value value="true"/></parameter><parameter><code><system value="http://hl7.org/fhir/tools/CodeSystem/ig-parameters"/><code value="apply-copyright"/></code><value value="true"/></parameter><parameter><code><system value="http://hl7.org/fhir/tools/CodeSystem/ig-parameters"/><code value="apply-license"/></code><value value="true"/></parameter><parameter><code><system value="http://hl7.org/fhir/tools/CodeSystem/ig-parameters"/><code value="apply-wg"/></code><value value="true"/></parameter><parameter><code><system value="http://hl7.org/fhir/tools/CodeSystem/ig-parameters"/><code value="fmm-definition"/></code><value value="http://hl7.org/fhir/versions.html#maturity"/></parameter><parameter><code><system value="http://hl7.org/fhir/tools/CodeSystem/ig-parameters"/><code value="propagate-status"/></code><value value="true"/></parameter><parameter><code><system value="http://hl7.org/fhir/tools/CodeSystem/ig-parameters"/><code value="excludelogbinaryformat"/></code><value value="true"/></parameter><parameter><code><system value="http://hl7.org/fhir/tools/CodeSystem/ig-parameters"/><code value="tabbed-snapshots"/></code><value value="true"/></parameter></definition></ImplementationGuide>