<?xml version="1.0" encoding="UTF-8"?><PlanDefinition xmlns="http://hl7.org/fhir"><id value="RecCollectionUntersuchungenVorCLLPlanungOnkoTherapie"/><meta><profile value="https://www.netzwerk-universitaetsmedizin.de/fhir/cpg-on-ebm-on-fhir/StructureDefinition/recommendation"/></meta><extension url="https://www.netzwerk-universitaetsmedizin.de/fhir/cpg-on-ebm-on-fhir/StructureDefinition/ext-action-combination-method"><extension url="method"><valueCodeableConcept><coding><system value="https://www.netzwerk-universitaetsmedizin.de/fhir/cpg-on-ebm-on-fhir/CodeSystem/cs-action-combination-method"/><code value="all"/></coding></valueCodeableConcept></extension></extension><extension url="http://hl7.org/fhir/uv/cpg/StructureDefinition/cpg-knowledgeCapability"><valueCode value="computable"/></extension><extension url="http://hl7.org/fhir/uv/cpg/StructureDefinition/cpg-knowledgeRepresentationLevel"><valueCode value="structured"/></extension><url value="https://www.medizin.uni-greifswald.de/fhir/guideline/cll/PlanDefinition/RecCollectionUntersuchungenVorCLLPlanungOnkoTherapie"/><version value="Langversion 2.01"/><name value="RecommendationCollection3_11"/><title value="Recommendation Collection CLL: Untersuchungen vor Therapieeinleitung (3.11)"/><type><coding><system value="http://terminology.hl7.org/CodeSystem/plan-definition-type"/><code value="workflow-definition"/></coding></type><status value="active"/><experimental value="false"/><date value="2024-05-06"/><publisher value="https://www.leitlinienprogramm-onkologie.de/leitlinien/s3-leitlinie-zur-diagnostik-therapie-und-nachsorge-fuer-patienten-mit-einer-chronischen-lymphatischen-leukaemie-cll"/><description value="Untersuchungen, die vor Planung einer onkologischen Therapielinie vorhanden sein sollen (mit Spezifizierungen für gebährfähige Frauen und Therapieschemata mit Idelalisib)"/><action><title value="UntersuchungenVorCLLPlanungOnkoTherapie"/><description value="Untersuchungen, bei allen CLL-Patienten vor Planung einer onkologischen Therapielinie vorhanden sein sollen"/><code><coding><system value="http://hl7.org/fhir/uv/cpg/CodeSystem/cpg-common-process"/><code value="guideline-based-care"/></coding></code><definitionCanonical value="https://www.medizin.uni-greifswald.de/fhir/guideline/cll/PlanDefinition/UntersuchungenVorCLLPlanungOnkoTherapie"/></action><action><title value="UntersuchungenVorPlanungOnkoTherapieFertileFemale"/><description value="Untersuchungen, bei gebährfähigen CLL-Patienten vor Planung einer onkologischen Therapielinie vorhanden sein sollen"/><code><coding><system value="http://hl7.org/fhir/uv/cpg/CodeSystem/cpg-common-process"/><code value="guideline-based-care"/></coding></code><definitionCanonical value="https://www.medizin.uni-greifswald.de/fhir/guideline/cll/PlanDefinition/UntersuchungenVorPlanungOnkoTherapieFertileFemale"/></action><action><title value="UntersuchungenVorPlanungOnkoTherapieIdelalisib"/><description value="Untersuchungen, bei allen CLL-Patienten vor Planung einer onkologischen Therapielinie mit Idelalisib vorhanden sein sollen"/><code><coding><system value="http://hl7.org/fhir/uv/cpg/CodeSystem/cpg-common-process"/><code value="guideline-based-care"/></coding></code><definitionCanonical value="https://www.medizin.uni-greifswald.de/fhir/guideline/cll/PlanDefinition/UntersuchungenVorPlanungOnkoTherapieIdelalisib"/></action><action><title value="UntersuchungenWhileTherapieIdelalisib"/><description value="Untersuchungen, bei allen CLL-Patienten während der Therapie mit Idelalisib"/><code><coding><system value="http://hl7.org/fhir/uv/cpg/CodeSystem/cpg-common-process"/><code value="guideline-based-care"/></coding></code><definitionCanonical value="https://www.medizin.uni-greifswald.de/fhir/guideline/cll/PlanDefinition/UntersuchungenVorPlanungOnkoTherapieIdelalisib"/></action></PlanDefinition>