<?xml version="1.0" encoding="UTF-8"?><PlanDefinition xmlns="http://hl7.org/fhir"><id value="QIMutationsstatusVorTherapie"/><meta><profile value="https://www.netzwerk-universitaetsmedizin.de/fhir/cpg-on-ebm-on-fhir/StructureDefinition/recommendation-plan"/></meta><extension url="http://hl7.org/fhir/uv/cpg/StructureDefinition/cpg-partOf"><valueCanonical value="https://www.medizin.uni-greifswald.de/fhir/guideline/cll/PlanDefinition/RecCollectionQIMutationsstatusVorTherapie"/></extension><extension url="https://www.netzwerk-universitaetsmedizin.de/fhir/cpg-on-ebm-on-fhir/StructureDefinition/ext-action-combination-method"><extension url="method"><valueCodeableConcept><coding><system value="https://www.netzwerk-universitaetsmedizin.de/fhir/cpg-on-ebm-on-fhir/CodeSystem/cs-action-combination-method"/><code value="all"/></coding></valueCodeableConcept></extension></extension><extension url="http://hl7.org/fhir/uv/cpg/StructureDefinition/cpg-knowledgeCapability"><valueCode value="computable"/></extension><extension url="http://hl7.org/fhir/uv/cpg/StructureDefinition/cpg-knowledgeRepresentationLevel"><valueCode value="structured"/></extension><url value="https://www.medizin.uni-greifswald.de/fhir/guideline/cll/PlanDefinition/QIMutationsstatusVorTherapie"/><version value="Langversion 2.01"/><name value="UntersuchungenVorCLLPlanungOnkoTherapie"/><title value="QI 2: Bestimmung TP53-Deletions- und TP53-/IGHV-Mutationsstatus vor erster systemischer CLL-Therapie (modifiziert 2024)"/><type><coding><system value="http://terminology.hl7.org/CodeSystem/plan-definition-type"/><code value="eca-rule"/></coding></type><status value="active"/><experimental value="false"/><subjectCanonical value="https://www.medizin.uni-greifswald.de/fhir/guideline/cll/EvidenceVariable/PopulationQIMutationsstatusVorTherapie"/><date value="2024-07"/><publisher value="https://www.leitlinienprogramm-onkologie.de/leitlinien/s3-leitlinie-zur-diagnostik-therapie-und-nachsorge-fuer-patienten-mit-einer-chronischen-lymphatischen-leukaemie-cll"/><description value="Folgende Untersuchungsverfahren sollen vor Einleitung einer neuen Therapielinie zur Anwendung kommen: (I) Bestimmung des TP53-Deletions- und Mutationsstatus (FISH hinsichtlich del(17)(p13) und TP53-Mutationsanalyse); (II) Erhebung des IGHV-Mutationsstatus (sofern noch nicht bekannt)"/><action><code><coding><system value="http://snomed.info/sct"/><code value="386053000"/><display value="Evaluation procedure (procedure)"/></coding></code><definitionCanonical value="https://www.medizin.uni-greifswald.de/fhir/guideline/cll/ActivityDefinition/TP53andDEL17pCLL"/></action><action><code><coding><system value="http://snomed.info/sct"/><code value="386053000"/><display value="Evaluation procedure (procedure)"/></coding></code><definitionCanonical value="https://www.medizin.uni-greifswald.de/fhir/guideline/cll/ActivityDefinition/IGHVmutationCLL"/></action></PlanDefinition>