{
  "resourceType" : "PlanDefinition",
  "id" : "RecCollectionErstlinieBCL2undBTKbeiCLL",
  "meta" : {
    "profile" : ["https://www.netzwerk-universitaetsmedizin.de/fhir/cpg-on-ebm-on-fhir/StructureDefinition/recommendation"]
  },
  "text" : {
    "status" : "extensions",
    "div" : "<div xmlns=\"http://www.w3.org/1999/xhtml\"><p class=\"res-header-id\"><b>Generated Narrative: PlanDefinition RecCollectionErstlinieBCL2undBTKbeiCLL</b></p><a name=\"RecCollectionErstlinieBCL2undBTKbeiCLL\"> </a><a name=\"hcRecCollectionErstlinieBCL2undBTKbeiCLL\"> </a><a name=\"RecCollectionErstlinieBCL2undBTKbeiCLL-en-US\"> </a><blockquote><p><b>Action Combination Method</b></p><ul><li>method: <span title=\"Codes:{https://www.netzwerk-universitaetsmedizin.de/fhir/cpg-on-ebm-on-fhir/CodeSystem/cs-action-combination-method all}\">All</span></li></ul></blockquote><p><b>knowledgeCapability</b>: computable</p><p><b>knowledgeRepresentationLevel</b>: structured</p><p><b>url</b>: <a href=\"PlanDefinition-RecCollectionErstlinieBCL2undBTKbeiCLL.html\">PlanDefinition Recommendation Collection CLL: Erstlinien-Behandlung mit BCL-2-Inhib. Oder BTK-Inhibitor (4.3)</a></p><p><b>version</b>: Langversion 2.01</p><p><b>name</b>: RecommendationCollection4_3</p><p><b>title</b>: Recommendation Collection CLL: Erstlinien-Behandlung mit BCL-2-Inhib. Oder BTK-Inhibitor (4.3)</p><p><b>type</b>: <span title=\"Codes:{http://terminology.hl7.org/CodeSystem/plan-definition-type workflow-definition}\">Workflow Definition</span></p><p><b>status</b>: Active</p><p><b>experimental</b>: false</p><p><b>date</b>: 2024-05-06</p><p><b>publisher</b>: https://www.leitlinienprogramm-onkologie.de/leitlinien/s3-leitlinie-zur-diagnostik-therapie-und-nachsorge-fuer-patienten-mit-einer-chronischen-lymphatischen-leukaemie-cll</p><p><b>description</b>: </p><div><p>Patient*innen mit CLL sollen in der Erstlinienbehandlung mit einer BCL-2-Inhibitor- und/oder BTK-Inhibitor-basierten Therapie behandelt werden.</p>\n</div><h3>Actions</h3><table class=\"grid\"><tr><td style=\"display: none\">-</td><td><b>Title</b></td><td><b>Description</b></td><td><b>Code</b></td><td><b>Definition[x]</b></td></tr><tr><td style=\"display: none\">*</td><td>ErstlinieBCL2undBTKbeiCLL</td><td><div><p>Patient*innen mit CLL sollen in der Erstlinienbehandlung mit einer BCL-2-Inhibitor- und/oder BTK-Inhibitor-basierten Therapie behandelt werden.</p>\n</div></td><td><span title=\"Codes:{http://hl7.org/fhir/uv/cpg/CodeSystem/cpg-common-process guideline-based-care}\">Guideline-based Care</span></td><td><a href=\"PlanDefinition-ErstlinieBCL2undBTKbeiCLL.html\">Erstlinientherapie mit BCL-2- und oder BTK-Inhibitor bei CLL</a></td></tr></table></div>"
  },
  "extension" : [{
    "extension" : [{
      "url" : "method",
      "valueCodeableConcept" : {
        "coding" : [{
          "system" : "https://www.netzwerk-universitaetsmedizin.de/fhir/cpg-on-ebm-on-fhir/CodeSystem/cs-action-combination-method",
          "code" : "all"
        }]
      }
    }],
    "url" : "https://www.netzwerk-universitaetsmedizin.de/fhir/cpg-on-ebm-on-fhir/StructureDefinition/ext-action-combination-method"
  },
  {
    "url" : "http://hl7.org/fhir/uv/cpg/StructureDefinition/cpg-knowledgeCapability",
    "valueCode" : "computable"
  },
  {
    "url" : "http://hl7.org/fhir/uv/cpg/StructureDefinition/cpg-knowledgeRepresentationLevel",
    "valueCode" : "structured"
  }],
  "url" : "https://www.medizin.uni-greifswald.de/fhir/guideline/cll/PlanDefinition/RecCollectionErstlinieBCL2undBTKbeiCLL",
  "version" : "Langversion 2.01",
  "name" : "RecommendationCollection4_3",
  "title" : "Recommendation Collection CLL: Erstlinien-Behandlung mit BCL-2-Inhib. Oder BTK-Inhibitor (4.3)",
  "type" : {
    "coding" : [{
      "system" : "http://terminology.hl7.org/CodeSystem/plan-definition-type",
      "code" : "workflow-definition"
    }]
  },
  "status" : "active",
  "experimental" : false,
  "date" : "2024-05-06",
  "publisher" : "https://www.leitlinienprogramm-onkologie.de/leitlinien/s3-leitlinie-zur-diagnostik-therapie-und-nachsorge-fuer-patienten-mit-einer-chronischen-lymphatischen-leukaemie-cll",
  "description" : "Patient*innen mit CLL sollen in der Erstlinienbehandlung mit einer BCL-2-Inhibitor- und/oder BTK-Inhibitor-basierten Therapie behandelt werden.",
  "action" : [{
    "title" : "ErstlinieBCL2undBTKbeiCLL",
    "description" : "Patient*innen mit CLL sollen in der Erstlinienbehandlung mit einer BCL-2-Inhibitor- und/oder BTK-Inhibitor-basierten Therapie behandelt werden.",
    "code" : {
      "coding" : [{
        "system" : "http://hl7.org/fhir/uv/cpg/CodeSystem/cpg-common-process",
        "code" : "guideline-based-care"
      }]
    },
    "definitionCanonical" : "https://www.medizin.uni-greifswald.de/fhir/guideline/cll/PlanDefinition/ErstlinieBCL2undBTKbeiCLL"
  }]
}