<?xml version="1.0" encoding="UTF-8"?>

<PlanDefinition xmlns="http://hl7.org/fhir">
  <id value="RecCollectionQIMutationsstatusVorTherapie"/>
  <meta>
    <profile value="https://www.netzwerk-universitaetsmedizin.de/fhir/cpg-on-ebm-on-fhir/StructureDefinition/recommendation"/>
  </meta>
  <text>
    <status value="extensions"/><div xmlns="http://www.w3.org/1999/xhtml"><p class="res-header-id"><b>Generated Narrative: PlanDefinition RecCollectionQIMutationsstatusVorTherapie</b></p><a name="RecCollectionQIMutationsstatusVorTherapie"> </a><a name="hcRecCollectionQIMutationsstatusVorTherapie"> </a><a name="RecCollectionQIMutationsstatusVorTherapie-en-US"> </a><blockquote><p><b>Action Combination Method</b></p><ul><li>method: <span title="Codes:{https://www.netzwerk-universitaetsmedizin.de/fhir/cpg-on-ebm-on-fhir/CodeSystem/cs-action-combination-method all}">All</span></li></ul></blockquote><p><b>knowledgeCapability</b>: computable</p><p><b>knowledgeRepresentationLevel</b>: structured</p><p><b>url</b>: <a href="PlanDefinition-RecCollectionQIMutationsstatusVorTherapie.html">PlanDefinition QI 2: Bestimmung TP53-Deletions- und TP53-/IGHV-Mutationsstatus vor erster systemischer CLL-Therapie (modifiziert 2024)</a></p><p><b>version</b>: Langversion 2.01</p><p><b>name</b>: RecommendationCollection_QI_2</p><p><b>title</b>: QI 2: Bestimmung TP53-Deletions- und TP53-/IGHV-Mutationsstatus vor erster systemischer CLL-Therapie (modifiziert 2024)</p><p><b>type</b>: <span title="Codes:{http://terminology.hl7.org/CodeSystem/plan-definition-type workflow-definition}">Workflow Definition</span></p><p><b>status</b>: Active</p><p><b>experimental</b>: false</p><p><b>date</b>: 2024-07-08</p><p><b>publisher</b>: https://www.leitlinienprogramm-onkologie.de/leitlinien/s3-leitlinie-zur-diagnostik-therapie-und-nachsorge-fuer-patienten-mit-einer-chronischen-lymphatischen-leukaemie-cll</p><p><b>description</b>: </p><div><p>Folgende Untersuchungsverfahren sollen vor Einleitung einer neuen Therapielinie zur Anwendung kommen: (I) Bestimmung des TP53-Deletions- und Mutationsstatus (FISH hinsichtlich del(17)(p13) und TP53-Mutationsanalyse); (II) Erhebung des IGHV-Mutationsstatus (sofern noch nicht bekannt)</p>
</div><h3>Actions</h3><table class="grid"><tr><td style="display: none">-</td><td><b>Title</b></td><td><b>Description</b></td><td><b>Code</b></td><td><b>Definition[x]</b></td></tr><tr><td style="display: none">*</td><td>QIMutationsstatusVorTherapie</td><td><div><p>QI 2: Bestimmung TP53-Deletions- und TP53-/IGHV-Mutationsstatus vor erster systemischer CLL-Therapie (modifiziert 2024)</p>
</div></td><td><span title="Codes:{http://hl7.org/fhir/uv/cpg/CodeSystem/cpg-common-process guideline-based-care}">Guideline-based Care</span></td><td><a href="PlanDefinition-QIMutationsstatusVorTherapie.html">QI 2: Bestimmung TP53-Deletions- und TP53-/IGHV-Mutationsstatus vor erster systemischer CLL-Therapie (modifiziert 2024)</a></td></tr></table></div>
  </text>
  <extension url="https://www.netzwerk-universitaetsmedizin.de/fhir/cpg-on-ebm-on-fhir/StructureDefinition/ext-action-combination-method">
    <extension url="method">
      <valueCodeableConcept>
        <coding>
          <system value="https://www.netzwerk-universitaetsmedizin.de/fhir/cpg-on-ebm-on-fhir/CodeSystem/cs-action-combination-method"/>
          <code value="all"/>
        </coding>
      </valueCodeableConcept>
    </extension>
  </extension>
  <extension url="http://hl7.org/fhir/uv/cpg/StructureDefinition/cpg-knowledgeCapability">
    <valueCode value="computable"/>
  </extension>
  <extension url="http://hl7.org/fhir/uv/cpg/StructureDefinition/cpg-knowledgeRepresentationLevel">
    <valueCode value="structured"/>
  </extension>
  <url value="https://www.medizin.uni-greifswald.de/fhir/guideline/cll/PlanDefinition/RecCollectionQIMutationsstatusVorTherapie"/>
  <version value="Langversion 2.01"/>
  <name value="RecommendationCollection_QI_2"/>
  <title value="QI 2: Bestimmung TP53-Deletions- und TP53-/IGHV-Mutationsstatus vor erster systemischer CLL-Therapie (modifiziert 2024)"/>
  <type>
    <coding>
      <system value="http://terminology.hl7.org/CodeSystem/plan-definition-type"/>
      <code value="workflow-definition"/>
    </coding>
  </type>
  <status value="active"/>
  <experimental value="false"/>
  <date value="2024-07-08"/>
  <publisher value="https://www.leitlinienprogramm-onkologie.de/leitlinien/s3-leitlinie-zur-diagnostik-therapie-und-nachsorge-fuer-patienten-mit-einer-chronischen-lymphatischen-leukaemie-cll"/>
  <description value="Folgende Untersuchungsverfahren sollen vor Einleitung einer neuen Therapielinie zur Anwendung kommen: (I) Bestimmung des TP53-Deletions- und Mutationsstatus (FISH hinsichtlich del(17)(p13) und TP53-Mutationsanalyse); (II) Erhebung des IGHV-Mutationsstatus (sofern noch nicht bekannt)"/>
  <action>
    <title value="QIMutationsstatusVorTherapie"/>
    <description value="QI 2: Bestimmung TP53-Deletions- und TP53-/IGHV-Mutationsstatus vor erster systemischer CLL-Therapie (modifiziert 2024)"/>
    <code>
      <coding>
        <system value="http://hl7.org/fhir/uv/cpg/CodeSystem/cpg-common-process"/>
        <code value="guideline-based-care"/>
      </coding>
    </code>
    <definitionCanonical value="https://www.medizin.uni-greifswald.de/fhir/guideline/cll/PlanDefinition/QIMutationsstatusVorTherapie"/>
  </action>
</PlanDefinition>