<?xml version="1.0" encoding="UTF-8"?>

<PlanDefinition xmlns="http://hl7.org/fhir">
  <id value="UntersuchungenVorCLLPlanungOnkoTherapie"/>
  <meta>
    <profile value="https://www.netzwerk-universitaetsmedizin.de/fhir/cpg-on-ebm-on-fhir/StructureDefinition/recommendation-plan"/>
  </meta>
  <text>
    <status value="extensions"/><div xmlns="http://www.w3.org/1999/xhtml"><p class="res-header-id"><b>Generated Narrative: PlanDefinition UntersuchungenVorCLLPlanungOnkoTherapie</b></p><a name="UntersuchungenVorCLLPlanungOnkoTherapie"> </a><a name="hcUntersuchungenVorCLLPlanungOnkoTherapie"> </a><a name="UntersuchungenVorCLLPlanungOnkoTherapie-en-US"> </a><p><b>partOf</b>: <a href="PlanDefinition-RecCollectionUntersuchungenVorCLLPlanungOnkoTherapie.html">Recommendation Collection CLL: Untersuchungen vor Therapieeinleitung (3.11)</a></p><blockquote><p><b>Action Combination Method</b></p><ul><li>method: <span title="Codes:{https://www.netzwerk-universitaetsmedizin.de/fhir/cpg-on-ebm-on-fhir/CodeSystem/cs-action-combination-method all}">All</span></li></ul></blockquote><p><b>knowledgeCapability</b>: computable</p><p><b>knowledgeRepresentationLevel</b>: structured</p><p><b>url</b>: <a href="PlanDefinition-UntersuchungenVorCLLPlanungOnkoTherapie.html">PlanDefinition Untersuchung vor Einleitung einer CLL Therapielinie </a></p><p><b>version</b>: Langversion 2.01</p><p><b>name</b>: UntersuchungenVorCLLPlanungOnkoTherapie</p><p><b>title</b>: Untersuchung vor Einleitung einer CLL Therapielinie </p><p><b>type</b>: <span title="Codes:{http://terminology.hl7.org/CodeSystem/plan-definition-type eca-rule}">ECA Rule</span></p><p><b>status</b>: Active</p><p><b>experimental</b>: false</p><p><b>subject</b>: <a href="EvidenceVariable-PopulationCLLPlanungOnkoTherapie.html">Population: CLL und Planung Onkologische Therapielinie</a></p><p><b>date</b>: 2023-05</p><p><b>publisher</b>: https://www.leitlinienprogramm-onkologie.de/leitlinien/s3-leitlinie-zur-diagnostik-therapie-und-nachsorge-fuer-patienten-mit-einer-chronischen-lymphatischen-leukaemie-cll</p><p><b>description</b>: </p><div><p>Untersuchung die vor der Einleitung einer CLL Therapielinie vorliegen sollen</p>
</div><blockquote><p><b>action</b></p><p><b>code</b>: <span title="Codes:{http://snomed.info/sct 386053000}">Evaluation procedure (procedure)</span></p><p><b>definition</b>: <a href="ActivityDefinition-HistoryTakingCLL.html">History Taking CLL</a></p></blockquote><blockquote><p><b>action</b></p><p><b>code</b>: <span title="Codes:{http://snomed.info/sct 386053000}">Evaluation procedure (procedure)</span></p><p><b>definition</b>: <a href="ActivityDefinition-PhysicalExaminationCLL.html">Physical Examination CLL</a></p></blockquote><blockquote><p><b>action</b></p><p><b>code</b>: <span title="Codes:{http://snomed.info/sct 386053000}">Evaluation procedure (procedure)</span></p><p><b>definition</b>: <a href="ActivityDefinition-ExaminationLymphaticNodesCLL.html">Examination Lymphatic nodes CLL</a></p></blockquote><blockquote><p><b>action</b></p><p><b>code</b>: <span title="Codes:{http://snomed.info/sct 386053000}">Evaluation procedure (procedure)</span></p><p><b>definition</b>: <a href="ActivityDefinition-ExaminationSpleenSizeCLL.html">Examination spleen size CLL</a></p></blockquote><blockquote><p><b>action</b></p><p><b>code</b>: <span title="Codes:{http://snomed.info/sct 386053000}">Evaluation procedure (procedure)</span></p><p><b>definition</b>: <a href="ActivityDefinition-ExaminationLiverSizeCLL.html">Examination liver size CLL</a></p></blockquote><blockquote><p><b>action</b></p><p><b>code</b>: <span title="Codes:{http://snomed.info/sct 386053000}">Evaluation procedure (procedure)</span></p><p><b>definition</b>: <a href="ActivityDefinition-AbdomialUltrasonographyCLL.html">Abdomial Ultrasonography CLL</a></p></blockquote><blockquote><p><b>action</b></p><blockquote><p><b>Action Combination Method</b></p><ul><li>method: <span title="Codes:{https://www.netzwerk-universitaetsmedizin.de/fhir/cpg-on-ebm-on-fhir/CodeSystem/cs-action-combination-method one-or-more}">One or More</span></li></ul></blockquote><p><b>code</b>: <span title="Codes:{http://snomed.info/sct 89780004}">Combined (qualifier value)</span></p><h3>Actions</h3><table class="grid"><tr><td style="display: none">-</td><td><b>Code</b></td><td><b>Definition[x]</b></td></tr><tr><td style="display: none">*</td><td><span title="Codes:{http://snomed.info/sct 386053000}">Evaluation procedure (procedure)</span></td><td><a href="ActivityDefinition-AssessmentECOGScoreCLL.html">Assesment ECOG Score CLL</a></td></tr><tr><td style="display: none">*</td><td><span title="Codes:{http://snomed.info/sct 386053000}">Evaluation procedure (procedure)</span></td><td><a href="ActivityDefinition-AssessmentKarnofskyIndexCLL.html">Assesment Karnofsky-Index CLL</a></td></tr></table></blockquote><blockquote><p><b>action</b></p><p><b>code</b>: <span title="Codes:{http://snomed.info/sct 386053000}">Evaluation procedure (procedure)</span></p><p><b>definition</b>: <a href="ActivityDefinition-AssessmentComorbiditiesCLL.html">Assesment Comorbidities CLL</a></p></blockquote><blockquote><p><b>action</b></p><p><b>code</b>: <span title="Codes:{http://snomed.info/sct 386053000}">Evaluation procedure (procedure)</span></p><p><b>definition</b>: <a href="ActivityDefinition-CompleteBloodCountAutomatedCLL.html">Complete Blood Count and White cell Differential Automated CLL</a></p></blockquote><blockquote><p><b>action</b></p><p><b>code</b>: <span title="Codes:{http://snomed.info/sct 386053000}">Evaluation procedure (procedure)</span></p><p><b>definition</b>: <a href="ActivityDefinition-MicroscopyWhiteBloodCellCountCLL.html">White cell Differential Microscopy CLL</a></p></blockquote><blockquote><p><b>action</b></p><p><b>code</b>: <span title="Codes:{http://snomed.info/sct 386053000}">Evaluation procedure (procedure)</span></p><p><b>definition</b>: <a href="ActivityDefinition-ClinicalChemistryTestCLL.html">Clinical Chemistry Test CLL</a></p></blockquote><blockquote><p><b>action</b></p><p><b>code</b>: <span title="Codes:{http://snomed.info/sct 386053000}">Evaluation procedure (procedure)</span></p><p><b>definition</b>: <a href="ActivityDefinition-HIVSerologyCLL.html">HIV Serology CLL</a></p></blockquote><blockquote><p><b>action</b></p><p><b>code</b>: <span title="Codes:{http://snomed.info/sct 386053000}">Evaluation procedure (procedure)</span></p><p><b>definition</b>: <a href="ActivityDefinition-HBVSerologyCLL.html">HBV Serology CLL</a></p></blockquote><blockquote><p><b>action</b></p><p><b>code</b>: <span title="Codes:{http://snomed.info/sct 386053000}">Evaluation procedure (procedure)</span></p><p><b>definition</b>: <a href="ActivityDefinition-HCVSerologyCLL.html">HCV Serology CLL</a></p></blockquote><blockquote><p><b>action</b></p><p><b>code</b>: <span title="Codes:{http://snomed.info/sct 386053000}">Evaluation procedure (procedure)</span></p><p><b>definition</b>: <a href="ActivityDefinition-HEVSerologyCLL.html">HEV Serology CLL</a></p></blockquote><blockquote><p><b>action</b></p><p><b>code</b>: <span title="Codes:{http://snomed.info/sct 386053000}">Evaluation procedure (procedure)</span></p><p><b>definition</b>: <a href="ActivityDefinition-BinetStagingCLL.html">Binet Staging CLL</a></p></blockquote></div>
  </text>
  <extension url="http://hl7.org/fhir/uv/cpg/StructureDefinition/cpg-partOf">
    <valueCanonical value="https://www.medizin.uni-greifswald.de/fhir/guideline/cll/PlanDefinition/RecCollectionUntersuchungenVorCLLPlanungOnkoTherapie"/>
  </extension>
  <extension url="https://www.netzwerk-universitaetsmedizin.de/fhir/cpg-on-ebm-on-fhir/StructureDefinition/ext-action-combination-method">
    <extension url="method">
      <valueCodeableConcept>
        <coding>
          <system value="https://www.netzwerk-universitaetsmedizin.de/fhir/cpg-on-ebm-on-fhir/CodeSystem/cs-action-combination-method"/>
          <code value="all"/>
        </coding>
      </valueCodeableConcept>
    </extension>
  </extension>
  <extension url="http://hl7.org/fhir/uv/cpg/StructureDefinition/cpg-knowledgeCapability">
    <valueCode value="computable"/>
  </extension>
  <extension url="http://hl7.org/fhir/uv/cpg/StructureDefinition/cpg-knowledgeRepresentationLevel">
    <valueCode value="structured"/>
  </extension>
  <url value="https://www.medizin.uni-greifswald.de/fhir/guideline/cll/PlanDefinition/UntersuchungenVorCLLPlanungOnkoTherapie"/>
  <version value="Langversion 2.01"/>
  <name value="UntersuchungenVorCLLPlanungOnkoTherapie"/>
  <title value="Untersuchung vor Einleitung einer CLL Therapielinie "/>
  <type>
    <coding>
      <system value="http://terminology.hl7.org/CodeSystem/plan-definition-type"/>
      <code value="eca-rule"/>
    </coding>
  </type>
  <status value="active"/>
  <experimental value="false"/>
  <subjectCanonical value="https://www.medizin.uni-greifswald.de/fhir/guideline/cll/EvidenceVariable/PopulationCLLPlanungOnkoTherapie"/>
  <date value="2023-05"/>
  <publisher value="https://www.leitlinienprogramm-onkologie.de/leitlinien/s3-leitlinie-zur-diagnostik-therapie-und-nachsorge-fuer-patienten-mit-einer-chronischen-lymphatischen-leukaemie-cll"/>
  <description value="Untersuchung die vor der Einleitung einer CLL Therapielinie vorliegen sollen"/>
  <action>
    <code>
      <coding>
        <system value="http://snomed.info/sct"/>
        <code value="386053000"/>
        <display value="Evaluation procedure (procedure)"/>
      </coding>
    </code>
    <definitionCanonical value="https://www.medizin.uni-greifswald.de/fhir/guideline/cll/ActivityDefinition/HistoryTakingCLL"/>
  </action>
  <action>
    <code>
      <coding>
        <system value="http://snomed.info/sct"/>
        <code value="386053000"/>
        <display value="Evaluation procedure (procedure)"/>
      </coding>
    </code>
    <definitionCanonical value="https://www.medizin.uni-greifswald.de/fhir/guideline/cll/ActivityDefinition/PhysicalExaminationCLL"/>
  </action>
  <action>
    <code>
      <coding>
        <system value="http://snomed.info/sct"/>
        <code value="386053000"/>
        <display value="Evaluation procedure (procedure)"/>
      </coding>
    </code>
    <definitionCanonical value="https://www.medizin.uni-greifswald.de/fhir/guideline/cll/ActivityDefinition/ExaminationLymphaticNodesCLL"/>
  </action>
  <action>
    <code>
      <coding>
        <system value="http://snomed.info/sct"/>
        <code value="386053000"/>
        <display value="Evaluation procedure (procedure)"/>
      </coding>
    </code>
    <definitionCanonical value="https://www.medizin.uni-greifswald.de/fhir/guideline/cll/ActivityDefinition/ExaminationSpleenSizeCLL"/>
  </action>
  <action>
    <code>
      <coding>
        <system value="http://snomed.info/sct"/>
        <code value="386053000"/>
        <display value="Evaluation procedure (procedure)"/>
      </coding>
    </code>
    <definitionCanonical value="https://www.medizin.uni-greifswald.de/fhir/guideline/cll/ActivityDefinition/ExaminationLiverSizeCLL"/>
  </action>
  <action>
    <code>
      <coding>
        <system value="http://snomed.info/sct"/>
        <code value="386053000"/>
        <display value="Evaluation procedure (procedure)"/>
      </coding>
    </code>
    <definitionCanonical value="https://www.medizin.uni-greifswald.de/fhir/guideline/cll/ActivityDefinition/AbdomialUltrasonographyCLL"/>
  </action>
  <action>
    <extension url="https://www.netzwerk-universitaetsmedizin.de/fhir/cpg-on-ebm-on-fhir/StructureDefinition/ext-action-combination-method">
      <extension url="method">
        <valueCodeableConcept>
          <coding>
            <system value="https://www.netzwerk-universitaetsmedizin.de/fhir/cpg-on-ebm-on-fhir/CodeSystem/cs-action-combination-method"/>
            <code value="one-or-more"/>
          </coding>
        </valueCodeableConcept>
      </extension>
    </extension>
    <code>
      <coding>
        <system value="http://snomed.info/sct"/>
        <code value="89780004"/>
        <display value="Combined (qualifier value)"/>
      </coding>
    </code>
    <action>
      <code>
        <coding>
          <system value="http://snomed.info/sct"/>
          <code value="386053000"/>
          <display value="Evaluation procedure (procedure)"/>
        </coding>
      </code>
      <definitionCanonical value="https://www.medizin.uni-greifswald.de/fhir/guideline/cll/ActivityDefinition/AssessmentECOGScoreCLL"/>
    </action>
    <action>
      <code>
        <coding>
          <system value="http://snomed.info/sct"/>
          <code value="386053000"/>
          <display value="Evaluation procedure (procedure)"/>
        </coding>
      </code>
      <definitionCanonical value="https://www.medizin.uni-greifswald.de/fhir/guideline/cll/ActivityDefinition/AssessmentKarnofskyIndexCLL"/>
    </action>
  </action>
  <action>
    <code>
      <coding>
        <system value="http://snomed.info/sct"/>
        <code value="386053000"/>
        <display value="Evaluation procedure (procedure)"/>
      </coding>
    </code>
    <definitionCanonical value="https://www.medizin.uni-greifswald.de/fhir/guideline/cll/ActivityDefinition/AssessmentComorbiditiesCLL"/>
  </action>
  <action>
    <code>
      <coding>
        <system value="http://snomed.info/sct"/>
        <code value="386053000"/>
        <display value="Evaluation procedure (procedure)"/>
      </coding>
    </code>
    <definitionCanonical value="https://www.medizin.uni-greifswald.de/fhir/guideline/cll/ActivityDefinition/CompleteBloodCountAutomatedCLL"/>
  </action>
  <action>
    <code>
      <coding>
        <system value="http://snomed.info/sct"/>
        <code value="386053000"/>
        <display value="Evaluation procedure (procedure)"/>
      </coding>
    </code>
    <definitionCanonical value="https://www.medizin.uni-greifswald.de/fhir/guideline/cll/ActivityDefinition/MicroscopyWhiteBloodCellCountCLL"/>
  </action>
  <action>
    <code>
      <coding>
        <system value="http://snomed.info/sct"/>
        <code value="386053000"/>
        <display value="Evaluation procedure (procedure)"/>
      </coding>
    </code>
    <definitionCanonical value="https://www.medizin.uni-greifswald.de/fhir/guideline/cll/ActivityDefinition/ClinicalChemistryTestCLL"/>
  </action>
  <action>
    <code>
      <coding>
        <system value="http://snomed.info/sct"/>
        <code value="386053000"/>
        <display value="Evaluation procedure (procedure)"/>
      </coding>
    </code>
    <definitionCanonical value="https://www.medizin.uni-greifswald.de/fhir/guideline/cll/ActivityDefinition/HIVSerologyCLL"/>
  </action>
  <action>
    <code>
      <coding>
        <system value="http://snomed.info/sct"/>
        <code value="386053000"/>
        <display value="Evaluation procedure (procedure)"/>
      </coding>
    </code>
    <definitionCanonical value="https://www.medizin.uni-greifswald.de/fhir/guideline/cll/ActivityDefinition/HBVSerologyCLL"/>
  </action>
  <action>
    <code>
      <coding>
        <system value="http://snomed.info/sct"/>
        <code value="386053000"/>
        <display value="Evaluation procedure (procedure)"/>
      </coding>
    </code>
    <definitionCanonical value="https://www.medizin.uni-greifswald.de/fhir/guideline/cll/ActivityDefinition/HCVSerologyCLL"/>
  </action>
  <action>
    <code>
      <coding>
        <system value="http://snomed.info/sct"/>
        <code value="386053000"/>
        <display value="Evaluation procedure (procedure)"/>
      </coding>
    </code>
    <definitionCanonical value="https://www.medizin.uni-greifswald.de/fhir/guideline/cll/ActivityDefinition/HEVSerologyCLL"/>
  </action>
  <action>
    <code>
      <coding>
        <system value="http://snomed.info/sct"/>
        <code value="386053000"/>
        <display value="Evaluation procedure (procedure)"/>
      </coding>
    </code>
    <definitionCanonical value="https://www.medizin.uni-greifswald.de/fhir/guideline/cll/ActivityDefinition/BinetStagingCLL"/>
  </action>
</PlanDefinition>