{"resourceType":"ActivityDefinition","id":"TP53andDEL17pCLL","meta":{"profile":["https://www.netzwerk-universitaetsmedizin.de/fhir/cpg-on-ebm-on-fhir/StructureDefinition/assessment-action"]},"extension":[{"url":"http://hl7.org/fhir/uv/cpg/StructureDefinition/cpg-knowledgeCapability","valueCode":"computable"},{"url":"http://hl7.org/fhir/uv/cpg/StructureDefinition/cpg-knowledgeRepresentationLevel","valueCode":"structured"}],"url":"https://www.medizin.uni-greifswald.de/fhir/guideline/cll/ActivityDefinition/TP53andDEL17pCLL","version":"Langversion 2.01","name":"TP53andDEL17pCLL","title":"FISH hinsichtlich TP53 und DEL17p","status":"active","experimental":false,"subjectCodeableConcept":{"coding":[{"system":"http://hl7.org/fhir/fhir-types","code":"Patient"}]},"date":"2025-01-16T09:02:23+00:00","publisher":"https://www.leitlinienprogramm-onkologie.de/leitlinien/s3-leitlinie-zur-diagnostik-therapie-und-nachsorge-fuer-patienten-mit-einer-chronischen-lymphatischen-leukaemie-cll","description":"TP53-Deletions- und Mutationsstatus (FISH hinsichtlich del17p und TP53-Mutationsanalyse ≤ 12 Wochen vor Therapiebeginn)","kind":"ServiceRequest","code":{"coding":[{"system":"http://loinc.org","code":"103680-5","display":"TP53 gene full mutation analysis in Blood or Tissue by Molecular genetics method"}]},"timingTiming":{"extension":[{"extension":[{"url":"contextCode","valueCodeableConcept":{"coding":[{"system":"http://loinc.org","code":"63936-9"}]}},{"url":"offset","valueRange":{"low":{"value":-12,"system":"http://unitsofmeasure.org","code":"wk"},"high":{"value":0,"system":"http://unitsofmeasure.org","code":"wk"}}}],"url":"https://www.netzwerk-universitaetsmedizin.de/fhir/cpg-on-ebm-on-fhir/StructureDefinition/relative-time"}],"repeat":{"count":1}}}