{"resourceType":"ActivityDefinition","id":"IGHVmutationCLL","meta":{"profile":["https://www.netzwerk-universitaetsmedizin.de/fhir/cpg-on-ebm-on-fhir/StructureDefinition/assessment-action"]},"extension":[{"url":"http://hl7.org/fhir/uv/cpg/StructureDefinition/cpg-knowledgeCapability","valueCode":"computable"},{"url":"http://hl7.org/fhir/uv/cpg/StructureDefinition/cpg-knowledgeRepresentationLevel","valueCode":"structured"}],"url":"https://www.medizin.uni-greifswald.de/fhir/guideline/cll/ActivityDefinition/IGHVmutationCLL","version":"Langversion 2.01","name":"IGHVmutationCLL","title":"IGHV-Mutationsstatus","status":"active","experimental":false,"subjectCodeableConcept":{"coding":[{"system":"http://hl7.org/fhir/fhir-types","code":"Patient"}]},"date":"2025-01-16T09:02:23+00:00","publisher":"https://www.leitlinienprogramm-onkologie.de/leitlinien/s3-leitlinie-zur-diagnostik-therapie-und-nachsorge-fuer-patienten-mit-einer-chronischen-lymphatischen-leukaemie-cll","description":"Bekannter IGHV-Mutationsstatus vor Therapiebeginn","kind":"ServiceRequest","code":{"coding":[{"system":"http://loinc.org","code":"78221-9","display":"IGH gene rearrangements [Presence] in Blood or Tissue by FISH"}]},"timingTiming":{"extension":[{"extension":[{"url":"contextCode","valueCodeableConcept":{"coding":[{"system":"http://loinc.org","code":"63936-9"}]}},{"url":"offset","valueRange":{"low":{"value":-12,"system":"http://unitsofmeasure.org","code":"wk"},"high":{"value":0,"system":"http://unitsofmeasure.org","code":"wk"}}}],"url":"https://www.netzwerk-universitaetsmedizin.de/fhir/cpg-on-ebm-on-fhir/StructureDefinition/relative-time"}],"repeat":{"count":1}}}