{"resourceType":"ActivityDefinition","id":"CLLPatientInCLLRelapseStudy","url":"https://www.medizin.uni-greifswald.de/fhir/guideline/cll/ActivityDefinition/CLLPatientInCLLRelapseStudy","version":"Langversion 2.01","name":"CLLPatientInCLLRelapseStudy","title":"CLLPatientInCLLRelapseStudy","status":"active","experimental":false,"date":"2025-01-16T09:02:23+00:00","publisher":"https://www.leitlinienprogramm-onkologie.de/leitlinien/s3-leitlinie-zur-diagnostik-therapie-und-nachsorge-fuer-patienten-mit-einer-chronischen-lymphatischen-leukaemie-cll","description":"Patient*innen mit einem Rezidiv sollen, sofern eine passende klinische Studie verfügbar ist, die Therapie im Rahmen einer klinischen Studie angeboten werden.","code":{"coding":[{"system":"https://www.medizin.uni-greifswald.de/fhir/guideline/cll/CodeSystem/cll-v2","code":"cllrlpsincl","display":"Inclusion into specific CLL relapse treatment study"}]}}