{"resourceType":"ActivityDefinition","id":"TherapieIndikationCLL","url":"https://www.medizin.uni-greifswald.de/fhir/guideline/cll/ActivityDefinition/TherapieIndikationCLL","version":"Langversion 2.01","name":"TherapieIndikationCLL","title":"TherapieIndikationCLL","status":"active","experimental":false,"date":"2025-01-16T09:02:23+00:00","publisher":"https://www.leitlinienprogramm-onkologie.de/leitlinien/s3-leitlinie-zur-diagnostik-therapie-und-nachsorge-fuer-patienten-mit-einer-chronischen-lymphatischen-leukaemie-cll","description":"Therapie Indikation bei CLL","code":{"coding":[{"system":"https://www.medizin.uni-greifswald.de/fhir/guideline/cll/CodeSystem/cll-v2","code":"scllt","display":"Systemic CLL therapy"}]}}