{"resourceType":"ActivityDefinition","id":"CMVPCRCLL","meta":{"profile":["https://www.netzwerk-universitaetsmedizin.de/fhir/cpg-on-ebm-on-fhir/StructureDefinition/assessment-action"]},"extension":[{"url":"http://hl7.org/fhir/uv/cpg/StructureDefinition/cpg-knowledgeCapability","valueCode":"computable"},{"url":"http://hl7.org/fhir/uv/cpg/StructureDefinition/cpg-knowledgeRepresentationLevel","valueCode":"structured"}],"url":"https://www.medizin.uni-greifswald.de/fhir/guideline/cll/ActivityDefinition/CMVPCRCLL","version":"Langversion 2.01","name":"CMVPCRCLL","title":"CMV PCR CLL","status":"active","experimental":false,"subjectCodeableConcept":{"coding":[{"system":"http://hl7.org/fhir/fhir-types","code":"Patient"}]},"date":"2025-01-16T09:02:23+00:00","publisher":"https://www.leitlinienprogramm-onkologie.de/leitlinien/s3-leitlinie-zur-diagnostik-therapie-und-nachsorge-fuer-patienten-mit-einer-chronischen-lymphatischen-leukaemie-cll","description":"CMV PCR Viruslast Bestimmung","kind":"ServiceRequest","code":{"coding":[{"system":"http://snomed.info/sct","version":"http://snomed.info/sct/83821000000107/version/20230412fd","code":"1107381000000101","display":"Cytomegalovirus viral load"}]},"timingTiming":{"repeat":{"frequency":1,"period":2,"periodUnit":"wk"}}}