{"resourceType":"ActivityDefinition","id":"ErstlinieMitBCL2beiCLL","meta":{"profile":["https://www.netzwerk-universitaetsmedizin.de/fhir/cpg-on-ebm-on-fhir/StructureDefinition/drug-administration-action"]},"extension":[{"url":"http://hl7.org/fhir/uv/cpg/StructureDefinition/cpg-knowledgeCapability","valueCode":"computable"},{"url":"http://hl7.org/fhir/uv/cpg/StructureDefinition/cpg-knowledgeRepresentationLevel","valueCode":"structured"}],"url":"https://www.medizin.uni-greifswald.de/fhir/guideline/cll/ActivityDefinition/ErstlinieMitBCL2beiCLL","version":"Langversion 2.01","name":"ErstlinieMitBCL2beiCLL","title":"Erstlinienterapie mit BCL2-Inhibitor bei CLL","status":"active","experimental":false,"subjectCodeableConcept":{"coding":[{"system":"http://hl7.org/fhir/fhir-types","code":"Patient"}]},"date":"2025-01-16T09:02:23+00:00","publisher":"https://www.leitlinienprogramm-onkologie.de/leitlinien/s3-leitlinie-zur-diagnostik-therapie-und-nachsorge-fuer-patienten-mit-einer-chronischen-lymphatischen-leukaemie-cll","description":"Erstlinienterapie mit BCL2-Inhibitor bei CLL","kind":"MedicationRequest","code":{"coding":[{"system":"http://snomed.info/sct","code":"432102000","display":"Administration of substance (procedure)"}]},"productCodeableConcept":{"coding":[{"system":"http://snomed.info/sct","code":"725567006","display":"B-cell lymphoma 2 inhibitor"}]}}