{"resourceType":"ActivityDefinition","id":"CMVAntibodyIgMCLL","meta":{"profile":["https://www.netzwerk-universitaetsmedizin.de/fhir/cpg-on-ebm-on-fhir/StructureDefinition/assessment-action"]},"extension":[{"url":"http://hl7.org/fhir/uv/cpg/StructureDefinition/cpg-knowledgeCapability","valueCode":"computable"},{"url":"http://hl7.org/fhir/uv/cpg/StructureDefinition/cpg-knowledgeRepresentationLevel","valueCode":"structured"}],"url":"https://www.medizin.uni-greifswald.de/fhir/guideline/cll/ActivityDefinition/CMVAntibodyIgMCLL","version":"Langversion 2.01","name":"CMVAntibodyIgMCLL","title":"CMV IgM Antibody CLL","status":"active","experimental":false,"subjectCodeableConcept":{"coding":[{"system":"http://hl7.org/fhir/fhir-types","code":"Patient"}]},"date":"2025-01-16T09:02:23+00:00","publisher":"https://www.leitlinienprogramm-onkologie.de/leitlinien/s3-leitlinie-zur-diagnostik-therapie-und-nachsorge-fuer-patienten-mit-einer-chronischen-lymphatischen-leukaemie-cll","description":"CMV IgM Antikörper Bestimmung","kind":"ServiceRequest","code":{"coding":[{"system":"http://snomed.info/sct","version":"http://snomed.info/sct/83821000000107/version/20230412fd","code":"62681000237103","display":"CMV (cytomegalovirus) IgM antibody in serum qualitative result"}]},"timingTiming":{"extension":[{"extension":[{"url":"contextCode","valueCodeableConcept":{"coding":[{"system":"http://loinc.org","code":"63936-9"}]}},{"url":"offset","valueRange":{"low":{"value":-4,"system":"http://unitsofmeasure.org","code":"wk"},"high":{"value":0,"system":"http://unitsofmeasure.org","code":"wk"}}}],"url":"https://www.netzwerk-universitaetsmedizin.de/fhir/cpg-on-ebm-on-fhir/StructureDefinition/relative-time"}],"repeat":{"count":1}}}