{"resourceType":"EvidenceVariable","id":"PopulationCLLOnkoTherapieIdelalisib","meta":{"profile":["https://www.netzwerk-universitaetsmedizin.de/fhir/cpg-on-ebm-on-fhir/StructureDefinition/recommendation-eligibility-criteria"]},"url":"https://www.medizin.uni-greifswald.de/fhir/guideline/cll/EvidenceVariable/PopulationCLLOnkoTherapieIdelalisib","name":"PopulationCLLOnkoTherapieIdelalisib","title":"Population: CLL onkologische Therapielinie mit Idelalisib Frauen","status":"active","date":"2025-01-16T09:02:23+00:00","description":"Population, die eine Chronisch Lymphatische Leukämie hat und die mit Idelalisib behandelt werden","actual":false,"characteristic":[{"definitionByCombination":{"code":"all-of","characteristic":[{"exclude":false,"definitionByTypeAndValue":{"type":{"coding":[{"system":"http://snomed.info/sct","code":"404684003","display":"Clinical finding (finding)"}]},"valueCodeableConcept":{"coding":[{"system":"http://snomed.info/sct","code":"92814006","display":"Chronic lymphoid leukaemia, disease"}]}}},{"definitionByTypeAndValue":{"type":{"coding":[{"system":"http://snomed.info/sct","code":"432102000","display":"Administration of substance (procedure)"}]},"valueCodeableConcept":{"coding":[{"system":"http://snomed.info/sct","code":"710278000","display":"Idelalisib"}]}}}]}}]}