{"resourceType":"EvidenceVariable","id":"PopulationCLLPlanungOnkoTherapieIdelalisib","meta":{"profile":["https://www.netzwerk-universitaetsmedizin.de/fhir/cpg-on-ebm-on-fhir/StructureDefinition/recommendation-eligibility-criteria"]},"url":"https://www.medizin.uni-greifswald.de/fhir/guideline/cll/EvidenceVariable/PopulationCLLPlanungOnkoTherapieIdelalisib","name":"PopulationCLLPlanungOnkoTherapieIdelalisib","title":"Population: CLL und Planung Onkologische Therapielinie mit Idelalisib","status":"active","date":"2025-01-16T09:02:23+00:00","description":"Population mit einer Chronisch Lymphatische Leukämie, einem behandlungsbedürftigen Progress und bei der eine Therapieplanung mit Idelalisib ansteht","actual":false,"characteristic":[{"definitionByCombination":{"code":"all-of","characteristic":[{"exclude":false,"definitionByTypeAndValue":{"type":{"coding":[{"system":"http://snomed.info/sct","code":"404684003","display":"Clinical finding (finding)"}]},"valueCodeableConcept":{"coding":[{"system":"http://snomed.info/sct","code":"92814006","display":"Chronic lymphoid leukaemia, disease"}]}}},{"definitionByTypeAndValue":{"type":{"coding":[{"system":"http://snomed.info/sct","code":"404684003","display":"Clinical finding (finding)"}]},"valueCodeableConcept":{"coding":[{"system":"https://www.medizin.uni-greifswald.de/fhir/guideline/cll/CodeSystem/cll-v2","code":"dprnti","display":"Disease progression that requires adapted or new treatment with idelalisib"}]}}}]}}]}