{"resourceType":"EvidenceVariable","id":"PopulationCLLBinetC","meta":{"profile":["https://www.netzwerk-universitaetsmedizin.de/fhir/cpg-on-ebm-on-fhir/StructureDefinition/recommendation-eligibility-criteria"]},"url":"https://www.medizin.uni-greifswald.de/fhir/guideline/cll/EvidenceVariable/PopulationCLLBinetC","name":"PopulationCLLBinetC","title":"Population: CLL und Binet Stadium C","status":"active","date":"2025-01-16T09:02:23+00:00","description":"Population, die eine Chronisch Lymphatische Leukämie hat und bei der eine Binet Stadium C vorliegt","actual":false,"characteristic":[{"definitionByCombination":{"code":"all-of","characteristic":[{"linkId":"CLL","definitionByTypeAndValue":{"type":{"coding":[{"system":"http://snomed.info/sct","code":"404684003","display":"Clinical finding (finding)"}]},"valueCodeableConcept":{"coding":[{"system":"http://snomed.info/sct","code":"92814006","display":"Chronic lymphoid leukaemia, disease"}]}}},{"definitionByTypeAndValue":{"type":{"coding":[{"system":"http://snomed.info/sct","code":"1149099005","display":"Binet staging classification for chronic lymphocytic leukemia"}]},"valueCodeableConcept":{"coding":[{"system":"http://snomed.info/sct","version":"http://snomed.info/sct/83821000000107/version/20230412fd","code":"863781000000100","display":"Clinical stage C chronic lymphocytic leukaemia"}]}}}]}}]}