{"resourceType":"EvidenceVariable","id":"PopulationCLLBinetAB","meta":{"profile":["https://www.netzwerk-universitaetsmedizin.de/fhir/cpg-on-ebm-on-fhir/StructureDefinition/recommendation-eligibility-criteria"]},"url":"https://www.medizin.uni-greifswald.de/fhir/guideline/cll/EvidenceVariable/PopulationCLLBinetAB","name":"PopulationCLLBinetAB","title":"Population: CLL und Binet Stadium AB ","status":"active","date":"2025-01-16T09:02:23+00:00","description":"Population, bei der Binet A oder B sowie eine bestimmte klinische Symptomatik vorliegt","actual":false,"characteristic":[{"definitionByCombination":{"code":"all-of","characteristic":[{"linkId":"CLL","definitionByTypeAndValue":{"type":{"coding":[{"system":"http://snomed.info/sct","code":"404684003","display":"Clinical finding (finding)"}]},"valueCodeableConcept":{"coding":[{"system":"http://snomed.info/sct","code":"92814006","display":"Chronic lymphoid leukaemia, disease"}]}}},{"definitionByCombination":{"code":"any-of","characteristic":[{"definitionByTypeAndValue":{"type":{"coding":[{"system":"http://snomed.info/sct","code":"1149099005","display":"Binet staging classification for chronic lymphocytic leukemia"}]},"valueCodeableConcept":{"coding":[{"system":"http://snomed.info/sct","version":"http://snomed.info/sct/83821000000107/version/20230412fd","code":"863741000000108","display":"Clinical stage A chronic lymphocytic leukaemia"}]}}},{"definitionByTypeAndValue":{"type":{"coding":[{"system":"http://snomed.info/sct","code":"1149099005","display":"Binet staging classification for chronic lymphocytic leukemia"}]},"valueCodeableConcept":{"coding":[{"system":"http://snomed.info/sct","version":"http://snomed.info/sct/83821000000107/version/20230412fd","code":"863761000000109","display":"Clinical stage B chronic lymphocytic leukaemia"}]}}}]}},{"definitionByCombination":{"code":"any-of","characteristic":[{"linkId":"CLL","definitionByTypeAndValue":{"type":{"coding":[{"system":"http://snomed.info/sct","code":"404684003","display":"Clinical finding (finding)"}]},"valueCodeableConcept":{"coding":[{"system":"http://snomed.info/sct","code":"161832001","display":"Weight decreasing"}]}}},{"linkId":"CLL","definitionByTypeAndValue":{"type":{"coding":[{"system":"http://snomed.info/sct","code":"404684003","display":"Clinical finding (finding)"}]},"valueCodeableConcept":{"coding":[{"system":"http://snomed.info/sct","code":"7520000","display":"Pyrexia of unknown origin"}]}}},{"linkId":"CLL","definitionByTypeAndValue":{"type":{"coding":[{"system":"http://snomed.info/sct","code":"404684003","display":"Clinical finding (finding)"}]},"valueCodeableConcept":{"coding":[{"system":"http://snomed.info/sct","code":"42984000","display":"Night sweats"}]}}},{"definitionByCombination":{"code":"all-of","characteristic":[{"linkId":"CLL","definitionByTypeAndValue":{"type":{"coding":[{"system":"http://snomed.info/sct","code":"404684003","display":"Clinical finding (finding)"}]},"valueCodeableConcept":{"coding":[{"system":"http://snomed.info/sct","code":"271737000","display":"Anemia"}]}}},{"linkId":"CLL","definitionByTypeAndValue":{"type":{"coding":[{"system":"http://loinc.org","code":"718-7","display":"Hemoglobin [Mass/volume] in Blood"}]},"valueCodeableConcept":{"coding":[{"system":"http://snomed.info/sct","code":"260371004","display":"Decreasing"}]}}}]}},{"definitionByCombination":{"code":"all-of","characteristic":[{"linkId":"CLL","definitionByTypeAndValue":{"type":{"coding":[{"system":"http://snomed.info/sct","code":"404684003","display":"Clinical finding (finding)"}]},"valueCodeableConcept":{"coding":[{"system":"http://snomed.info/sct","code":"302215000","display":"Thrombocytopenic disorder"}]}}},{"linkId":"CLL","definitionByTypeAndValue":{"type":{"coding":[{"system":"http://loinc.org","code":"26515-7","display":"Platelets [#/volume] in Blood"}]},"valueCodeableConcept":{"coding":[{"system":"http://snomed.info/sct","code":"260371004","display":"Decreasing"}]}}}]}},{"definitionByCombination":{"code":"all-of","characteristic":[{"definitionByTypeAndValue":{"type":{"coding":[{"system":"http://snomed.info/sct","code":"404684003","display":"Clinical finding (finding)"}]},"valueCodeableConcept":{"coding":[{"system":"https://www.medizin.uni-greifswald.de/fhir/guideline/cll/CodeSystem/cll-v2","code":"porecotr","display":"Poor response to corticosteroid treatment"}]}}},{"definitionByCombination":{"code":"any-of","characteristic":[{"linkId":"CLL","definitionByTypeAndValue":{"type":{"coding":[{"system":"http://snomed.info/sct","code":"404684003","display":"Clinical finding (finding)"}]},"valueCodeableConcept":{"coding":[{"system":"http://snomed.info/sct","code":"413603009","display":"Autoimmune hemolytic anemia"}]}}},{"linkId":"CLL","definitionByTypeAndValue":{"type":{"coding":[{"system":"http://snomed.info/sct","code":"404684003","display":"Clinical finding (finding)"}]},"valueCodeableConcept":{"coding":[{"system":"http://snomed.info/sct","code":"2897005","display":"Immune thrombocytopenia"}]}}}]}}]}},{"linkId":"CLL","definitionByTypeAndValue":{"type":{"coding":[{"system":"http://snomed.info/sct","code":"404684003","display":"Clinical finding (finding)"}]},"valueCodeableConcept":{"coding":[{"system":"https://www.medizin.uni-greifswald.de/fhir/guideline/cll/CodeSystem/cll-v2","code":"sycasp","display":"Symptom-causing splenomegaly"}]}}},{"definitionByCombination":{"code":"all-of","characteristic":[{"linkId":"CLL","definitionByTypeAndValue":{"type":{"coding":[{"system":"http://snomed.info/sct","code":"246120007","display":"Nodule size"}]},"valueRange":{"low":{"value":10,"system":"http://unitsofmeasure.org","code":"cm"}}}},{"linkId":"CLL","definitionByTypeAndValue":{"type":{"coding":[{"system":"http://snomed.info/sct","code":"404684003","display":"Clinical finding (finding)"}]},"valueCodeableConcept":{"coding":[{"system":"http://snomed.info/sct","code":"30746006","display":"Lymphadenopathy"}]}}}]}},{"definitionByCombination":{"code":"all-of","characteristic":[{"linkId":"CLL","definitionByTypeAndValue":{"type":{"coding":[{"system":"http://snomed.info/sct","code":"246120007","display":"Nodule size"}]},"valueCodeableConcept":{"coding":[{"system":"http://snomed.info/sct","code":"260369004","display":"Increasing"}]}}},{"linkId":"CLL","definitionByTypeAndValue":{"type":{"coding":[{"system":"http://snomed.info/sct","code":"404684003","display":"Clinical finding (finding)"}]},"valueCodeableConcept":{"coding":[{"system":"http://snomed.info/sct","code":"30746006","display":"Lymphadenopathy"}]}}}]}},{"linkId":"CLL","definitionByTypeAndValue":{"type":{"coding":[{"system":"http://loinc.org","code":"26474-7","display":"Lymphocytes [#/volume] in Blood"}]},"valueCodeableConcept":{"coding":[{"system":"https://www.medizin.uni-greifswald.de/fhir/guideline/cll/CodeSystem/cll-v2","code":"ingrfiftyintwomo","display":"Zunahme mehr als 50 Prozent innerhalb von 2 Monaten, gemessen ab einer absoluten Lymphozytenzahl von mindestens 30.000/µl"}]}}},{"linkId":"CLL","definitionByTypeAndValue":{"type":{"coding":[{"system":"http://loinc.org","code":"26474-7","display":"Lymphocytes [#/volume] in Blood"}]},"valueCodeableConcept":{"coding":[{"system":"https://www.medizin.uni-greifswald.de/fhir/guideline/cll/CodeSystem/cll-v2","code":"dopeunsixmo","display":"Lymphozytenverdopplungszeit unter 6 Monaten, gemessen ab einer absoluten Lymphozytenzahl von mindestens 30.000/µl"}]}}}]}}]}}]}