{"resourceType":"EvidenceVariable","id":"PopulationCLLErstlinientherapie","meta":{"profile":["https://www.netzwerk-universitaetsmedizin.de/fhir/cpg-on-ebm-on-fhir/StructureDefinition/recommendation-eligibility-criteria"]},"url":"https://www.medizin.uni-greifswald.de/fhir/guideline/cll/EvidenceVariable/PopulationCLLErstlinientherapie","name":"PopulationCLLErstlinientherapie","title":"Population: CLL und Erstlinientherapie","status":"active","date":"2025-01-16T09:02:23+00:00","description":"Population, die eine Chronisch Lymphatische Leukämie hat und eine Erstlinientherapie bekommt","actual":false,"characteristic":[{"definitionByCombination":{"code":"all-of","characteristic":[{"linkId":"CLL","definitionByTypeAndValue":{"type":{"coding":[{"system":"http://snomed.info/sct","code":"404684003","display":"Clinical finding (finding)"}]},"valueCodeableConcept":{"coding":[{"system":"http://snomed.info/sct","code":"92814006","display":"Chronic lymphoid leukaemia, disease"}]}}},{"linkId":"CLL","definitionByTypeAndValue":{"type":{"coding":[{"system":"http://snomed.info/sct","code":"71388002","display":"Procedure (procedure)"}]},"valueCodeableConcept":{"coding":[{"system":"http://snomed.info/sct","code":"708255002","display":"First line treatment"}]}}}]}}]}