{"resourceType":"EvidenceVariable","id":"PopulationCLLPlanungOnkoTherapieFertileFemale","meta":{"profile":["https://www.netzwerk-universitaetsmedizin.de/fhir/cpg-on-ebm-on-fhir/StructureDefinition/recommendation-eligibility-criteria"]},"url":"https://www.medizin.uni-greifswald.de/fhir/guideline/cll/EvidenceVariable/PopulationCLLPlanungOnkoTherapieFertileFemale","name":"PopulationCLLPlanungOnkoTherapieFertileFemale","title":"Population: CLL und Planung Onkologische Therapielinie gebährfähige Frauen","status":"active","date":"2025-01-16T09:02:23+00:00","description":"Population mit einer Chronisch Lymphatische Leukämie, einem behandlungsbedürftigen Progress und weiblich in einem gebährfähigen Alter","actual":false,"characteristic":[{"definitionByCombination":{"code":"all-of","characteristic":[{"exclude":false,"definitionByTypeAndValue":{"type":{"coding":[{"system":"http://snomed.info/sct","code":"404684003","display":"Clinical finding (finding)"}]},"valueCodeableConcept":{"coding":[{"system":"http://snomed.info/sct","code":"92814006","display":"Chronic lymphoid leukaemia, disease"}]}}},{"definitionByTypeAndValue":{"type":{"coding":[{"system":"http://snomed.info/sct","code":"404684003","display":"Clinical finding (finding)"}]},"valueCodeableConcept":{"coding":[{"system":"https://www.medizin.uni-greifswald.de/fhir/guideline/cll/CodeSystem/cll-v2","code":"dprnt","display":"Disease progression that requires adapted or new treatment"}]}}},{"definitionByTypeAndValue":{"type":{"coding":[{"system":"http://snomed.info/sct","code":"404684003","display":"Clinical finding (finding)"}]},"valueCodeableConcept":{"coding":[{"system":"http://snomed.info/sct","code":"22636003","display":"Premenopausal state"}]}}}]}}]}