{"resourceType":"PlanDefinition","id":"UntersuchungenVorPlanungOnkoTherapieIdelalisib","meta":{"profile":["https://www.netzwerk-universitaetsmedizin.de/fhir/cpg-on-ebm-on-fhir/StructureDefinition/recommendation-plan"]},"extension":[{"url":"http://hl7.org/fhir/uv/cpg/StructureDefinition/cpg-partOf","valueCanonical":"https://www.medizin.uni-greifswald.de/fhir/guideline/cll/PlanDefinition/RecCollectionUntersuchungenVorCLLPlanungOnkoTherapie"},{"extension":[{"url":"method","valueCodeableConcept":{"coding":[{"system":"https://www.netzwerk-universitaetsmedizin.de/fhir/cpg-on-ebm-on-fhir/CodeSystem/cs-action-combination-method","code":"all"}]}}],"url":"https://www.netzwerk-universitaetsmedizin.de/fhir/cpg-on-ebm-on-fhir/StructureDefinition/ext-action-combination-method"},{"url":"http://hl7.org/fhir/uv/cpg/StructureDefinition/cpg-knowledgeCapability","valueCode":"computable"},{"url":"http://hl7.org/fhir/uv/cpg/StructureDefinition/cpg-knowledgeRepresentationLevel","valueCode":"structured"}],"url":"https://www.medizin.uni-greifswald.de/fhir/guideline/cll/PlanDefinition/UntersuchungenVorPlanungOnkoTherapieIdelalisib","version":"Langversion 2.01","name":"UntersuchungenVorPlanungOnkoTherapieIdelalisib","title":"Untersuchung vor Einleitung einer CLL Therapielinie bei gebaehrfähige Frauen","type":{"coding":[{"system":"http://terminology.hl7.org/CodeSystem/plan-definition-type","code":"eca-rule"}]},"status":"active","experimental":false,"subjectCanonical":"https://www.medizin.uni-greifswald.de/fhir/guideline/cll/EvidenceVariable/PopulationCLLPlanungOnkoTherapieIdelalisib","date":"2023-05","publisher":"https://www.leitlinienprogramm-onkologie.de/leitlinien/s3-leitlinie-zur-diagnostik-therapie-und-nachsorge-fuer-patienten-mit-einer-chronischen-lymphatischen-leukaemie-cll","description":"Untersuchung die vor der Einleitung einer CLL Therapielinie CLL und Planung Onkologische Therapielinie mit Idelalisib vorliegen sollen","action":[{"code":{"coding":[{"system":"http://snomed.info/sct","code":"386053000","display":"Evaluation procedure (procedure)"}]},"definitionCanonical":"https://www.medizin.uni-greifswald.de/fhir/guideline/cll/ActivityDefinition/CMVAntibodyIgMCLL"},{"code":{"coding":[{"system":"http://snomed.info/sct","code":"386053000","display":"Evaluation procedure (procedure)"}]},"definitionCanonical":"https://www.medizin.uni-greifswald.de/fhir/guideline/cll/ActivityDefinition/CMVAntibodyIgGCLL"}]}