{"resourceType":"PlanDefinition","id":"RecCollectionTherapieplanungBinetCLL","meta":{"profile":["https://www.netzwerk-universitaetsmedizin.de/fhir/cpg-on-ebm-on-fhir/StructureDefinition/recommendation"]},"extension":[{"extension":[{"url":"method","valueCodeableConcept":{"coding":[{"system":"https://www.netzwerk-universitaetsmedizin.de/fhir/cpg-on-ebm-on-fhir/CodeSystem/cs-action-combination-method","code":"all"}]}}],"url":"https://www.netzwerk-universitaetsmedizin.de/fhir/cpg-on-ebm-on-fhir/StructureDefinition/ext-action-combination-method"},{"url":"http://hl7.org/fhir/uv/cpg/StructureDefinition/cpg-knowledgeCapability","valueCode":"computable"},{"url":"http://hl7.org/fhir/uv/cpg/StructureDefinition/cpg-knowledgeRepresentationLevel","valueCode":"structured"}],"url":"https://www.netzwerk-universitaetsmedizin.de/fhir/codex-celida/guideline/covid19-inpatient-therapy/recommendation/therapeutic-anticoagulation","version":"Langversion 2.01","name":"RecommendationCollection4_1","title":"Recommendation Collection CLL: Therapieindikation nach Binet Stadium (4.1)","type":{"coding":[{"system":"http://terminology.hl7.org/CodeSystem/plan-definition-type","code":"workflow-definition"}]},"status":"active","experimental":false,"date":"2024-05-06","publisher":"https://www.leitlinienprogramm-onkologie.de/leitlinien/s3-leitlinie-zur-diagnostik-therapie-und-nachsorge-fuer-patienten-mit-einer-chronischen-lymphatischen-leukaemie-cll","description":"Die Indikation zur Therapie besteht in Abhängigkeit der Symptomatik oder bei Übergang in Stadium Binet C","action":[{"title":"CLLTherapieindikationBinetC","description":"Die Indikation zur Therapie besteht bei Übergang in Stadium Binet C","code":{"coding":[{"system":"http://hl7.org/fhir/uv/cpg/CodeSystem/cpg-common-process","code":"guideline-based-care"}]},"definitionCanonical":"https://www.medizin.uni-greifswald.de/fhir/guideline/cll/PlanDefinition/CLLTherapieindikationBinetC"},{"title":"CLLTherapieindikationBinetAB","description":"Die Indikation zur Therapie in Abhängigkeit der Symptomatik wenn Binet A oder B vorliegt","code":{"coding":[{"system":"http://hl7.org/fhir/uv/cpg/CodeSystem/cpg-common-process","code":"guideline-based-care"}]},"definitionCanonical":"https://www.medizin.uni-greifswald.de/fhir/guideline/cll/PlanDefinition/CLLTherapieindikationBinetAB"}]}