{"resourceType":"PlanDefinition","id":"RecCollectionUntersuchungenVorCLLPlanungOnkoTherapie","meta":{"profile":["https://www.netzwerk-universitaetsmedizin.de/fhir/cpg-on-ebm-on-fhir/StructureDefinition/recommendation"]},"extension":[{"extension":[{"url":"method","valueCodeableConcept":{"coding":[{"system":"https://www.netzwerk-universitaetsmedizin.de/fhir/cpg-on-ebm-on-fhir/CodeSystem/cs-action-combination-method","code":"all"}]}}],"url":"https://www.netzwerk-universitaetsmedizin.de/fhir/cpg-on-ebm-on-fhir/StructureDefinition/ext-action-combination-method"},{"url":"http://hl7.org/fhir/uv/cpg/StructureDefinition/cpg-knowledgeCapability","valueCode":"computable"},{"url":"http://hl7.org/fhir/uv/cpg/StructureDefinition/cpg-knowledgeRepresentationLevel","valueCode":"structured"}],"url":"https://www.medizin.uni-greifswald.de/fhir/guideline/cll/PlanDefinition/RecCollectionUntersuchungenVorCLLPlanungOnkoTherapie","version":"Langversion 2.01","name":"RecommendationCollection3_11","title":"Recommendation Collection CLL: Untersuchungen vor Therapieeinleitung (3.11)","type":{"coding":[{"system":"http://terminology.hl7.org/CodeSystem/plan-definition-type","code":"workflow-definition"}]},"status":"active","experimental":false,"date":"2024-05-06","publisher":"https://www.leitlinienprogramm-onkologie.de/leitlinien/s3-leitlinie-zur-diagnostik-therapie-und-nachsorge-fuer-patienten-mit-einer-chronischen-lymphatischen-leukaemie-cll","description":"Untersuchungen, die vor Planung einer onkologischen Therapielinie vorhanden sein sollen (mit Spezifizierungen für gebährfähige Frauen und Therapieschemata mit Idelalisib)","action":[{"title":"UntersuchungenVorCLLPlanungOnkoTherapie","description":"Untersuchungen, bei allen CLL-Patienten vor Planung einer onkologischen Therapielinie vorhanden sein sollen","code":{"coding":[{"system":"http://hl7.org/fhir/uv/cpg/CodeSystem/cpg-common-process","code":"guideline-based-care"}]},"definitionCanonical":"https://www.medizin.uni-greifswald.de/fhir/guideline/cll/PlanDefinition/UntersuchungenVorCLLPlanungOnkoTherapie"},{"title":"UntersuchungenVorPlanungOnkoTherapieFertileFemale","description":"Untersuchungen, bei gebährfähigen CLL-Patienten vor Planung einer onkologischen Therapielinie vorhanden sein sollen","code":{"coding":[{"system":"http://hl7.org/fhir/uv/cpg/CodeSystem/cpg-common-process","code":"guideline-based-care"}]},"definitionCanonical":"https://www.medizin.uni-greifswald.de/fhir/guideline/cll/PlanDefinition/UntersuchungenVorPlanungOnkoTherapieFertileFemale"},{"title":"UntersuchungenVorPlanungOnkoTherapieIdelalisib","description":"Untersuchungen, bei allen CLL-Patienten vor Planung einer onkologischen Therapielinie mit Idelalisib vorhanden sein sollen","code":{"coding":[{"system":"http://hl7.org/fhir/uv/cpg/CodeSystem/cpg-common-process","code":"guideline-based-care"}]},"definitionCanonical":"https://www.medizin.uni-greifswald.de/fhir/guideline/cll/PlanDefinition/UntersuchungenVorPlanungOnkoTherapieIdelalisib"},{"title":"UntersuchungenWhileTherapieIdelalisib","description":"Untersuchungen, bei allen CLL-Patienten während der Therapie mit Idelalisib","code":{"coding":[{"system":"http://hl7.org/fhir/uv/cpg/CodeSystem/cpg-common-process","code":"guideline-based-care"}]},"definitionCanonical":"https://www.medizin.uni-greifswald.de/fhir/guideline/cll/PlanDefinition/UntersuchungenVorPlanungOnkoTherapieIdelalisib"}]}