{"resourceType":"PlanDefinition","id":"UntersuchungenVorCLLPlanungOnkoTherapie","meta":{"profile":["https://www.netzwerk-universitaetsmedizin.de/fhir/cpg-on-ebm-on-fhir/StructureDefinition/recommendation-plan"]},"extension":[{"url":"http://hl7.org/fhir/uv/cpg/StructureDefinition/cpg-partOf","valueCanonical":"https://www.medizin.uni-greifswald.de/fhir/guideline/cll/PlanDefinition/RecCollectionUntersuchungenVorCLLPlanungOnkoTherapie"},{"extension":[{"url":"method","valueCodeableConcept":{"coding":[{"system":"https://www.netzwerk-universitaetsmedizin.de/fhir/cpg-on-ebm-on-fhir/CodeSystem/cs-action-combination-method","code":"all"}]}}],"url":"https://www.netzwerk-universitaetsmedizin.de/fhir/cpg-on-ebm-on-fhir/StructureDefinition/ext-action-combination-method"},{"url":"http://hl7.org/fhir/uv/cpg/StructureDefinition/cpg-knowledgeCapability","valueCode":"computable"},{"url":"http://hl7.org/fhir/uv/cpg/StructureDefinition/cpg-knowledgeRepresentationLevel","valueCode":"structured"}],"url":"https://www.medizin.uni-greifswald.de/fhir/guideline/cll/PlanDefinition/UntersuchungenVorCLLPlanungOnkoTherapie","version":"Langversion 2.01","name":"UntersuchungenVorCLLPlanungOnkoTherapie","title":"Untersuchung vor Einleitung einer CLL Therapielinie ","type":{"coding":[{"system":"http://terminology.hl7.org/CodeSystem/plan-definition-type","code":"eca-rule"}]},"status":"active","experimental":false,"subjectCanonical":"https://www.medizin.uni-greifswald.de/fhir/guideline/cll/EvidenceVariable/PopulationCLLPlanungOnkoTherapie","date":"2023-05","publisher":"https://www.leitlinienprogramm-onkologie.de/leitlinien/s3-leitlinie-zur-diagnostik-therapie-und-nachsorge-fuer-patienten-mit-einer-chronischen-lymphatischen-leukaemie-cll","description":"Untersuchung die vor der Einleitung einer CLL Therapielinie vorliegen sollen","action":[{"code":{"coding":[{"system":"http://snomed.info/sct","code":"386053000","display":"Evaluation procedure (procedure)"}]},"definitionCanonical":"https://www.medizin.uni-greifswald.de/fhir/guideline/cll/ActivityDefinition/HistoryTakingCLL"},{"code":{"coding":[{"system":"http://snomed.info/sct","code":"386053000","display":"Evaluation procedure (procedure)"}]},"definitionCanonical":"https://www.medizin.uni-greifswald.de/fhir/guideline/cll/ActivityDefinition/PhysicalExaminationCLL"},{"code":{"coding":[{"system":"http://snomed.info/sct","code":"386053000","display":"Evaluation procedure (procedure)"}]},"definitionCanonical":"https://www.medizin.uni-greifswald.de/fhir/guideline/cll/ActivityDefinition/ExaminationLymphaticNodesCLL"},{"code":{"coding":[{"system":"http://snomed.info/sct","code":"386053000","display":"Evaluation procedure (procedure)"}]},"definitionCanonical":"https://www.medizin.uni-greifswald.de/fhir/guideline/cll/ActivityDefinition/ExaminationSpleenSizeCLL"},{"code":{"coding":[{"system":"http://snomed.info/sct","code":"386053000","display":"Evaluation procedure (procedure)"}]},"definitionCanonical":"https://www.medizin.uni-greifswald.de/fhir/guideline/cll/ActivityDefinition/ExaminationLiverSizeCLL"},{"code":{"coding":[{"system":"http://snomed.info/sct","code":"386053000","display":"Evaluation procedure (procedure)"}]},"definitionCanonical":"https://www.medizin.uni-greifswald.de/fhir/guideline/cll/ActivityDefinition/AbdomialUltrasonographyCLL"},{"extension":[{"extension":[{"url":"method","valueCodeableConcept":{"coding":[{"system":"https://www.netzwerk-universitaetsmedizin.de/fhir/cpg-on-ebm-on-fhir/CodeSystem/cs-action-combination-method","code":"one-or-more"}]}}],"url":"https://www.netzwerk-universitaetsmedizin.de/fhir/cpg-on-ebm-on-fhir/StructureDefinition/ext-action-combination-method"}],"code":{"coding":[{"system":"http://snomed.info/sct","code":"89780004","display":"Combined (qualifier value)"}]},"action":[{"code":{"coding":[{"system":"http://snomed.info/sct","code":"386053000","display":"Evaluation procedure (procedure)"}]},"definitionCanonical":"https://www.medizin.uni-greifswald.de/fhir/guideline/cll/ActivityDefinition/AssessmentECOGScoreCLL"},{"code":{"coding":[{"system":"http://snomed.info/sct","code":"386053000","display":"Evaluation procedure (procedure)"}]},"definitionCanonical":"https://www.medizin.uni-greifswald.de/fhir/guideline/cll/ActivityDefinition/AssessmentKarnofskyIndexCLL"}]},{"code":{"coding":[{"system":"http://snomed.info/sct","code":"386053000","display":"Evaluation procedure (procedure)"}]},"definitionCanonical":"https://www.medizin.uni-greifswald.de/fhir/guideline/cll/ActivityDefinition/AssessmentComorbiditiesCLL"},{"code":{"coding":[{"system":"http://snomed.info/sct","code":"386053000","display":"Evaluation procedure (procedure)"}]},"definitionCanonical":"https://www.medizin.uni-greifswald.de/fhir/guideline/cll/ActivityDefinition/CompleteBloodCountAutomatedCLL"},{"code":{"coding":[{"system":"http://snomed.info/sct","code":"386053000","display":"Evaluation procedure (procedure)"}]},"definitionCanonical":"https://www.medizin.uni-greifswald.de/fhir/guideline/cll/ActivityDefinition/MicroscopyWhiteBloodCellCountCLL"},{"code":{"coding":[{"system":"http://snomed.info/sct","code":"386053000","display":"Evaluation procedure (procedure)"}]},"definitionCanonical":"https://www.medizin.uni-greifswald.de/fhir/guideline/cll/ActivityDefinition/ClinicalChemistryTestCLL"},{"code":{"coding":[{"system":"http://snomed.info/sct","code":"386053000","display":"Evaluation procedure (procedure)"}]},"definitionCanonical":"https://www.medizin.uni-greifswald.de/fhir/guideline/cll/ActivityDefinition/HIVSerologyCLL"},{"code":{"coding":[{"system":"http://snomed.info/sct","code":"386053000","display":"Evaluation procedure (procedure)"}]},"definitionCanonical":"https://www.medizin.uni-greifswald.de/fhir/guideline/cll/ActivityDefinition/HBVSerologyCLL"},{"code":{"coding":[{"system":"http://snomed.info/sct","code":"386053000","display":"Evaluation procedure (procedure)"}]},"definitionCanonical":"https://www.medizin.uni-greifswald.de/fhir/guideline/cll/ActivityDefinition/HCVSerologyCLL"},{"code":{"coding":[{"system":"http://snomed.info/sct","code":"386053000","display":"Evaluation procedure (procedure)"}]},"definitionCanonical":"https://www.medizin.uni-greifswald.de/fhir/guideline/cll/ActivityDefinition/HEVSerologyCLL"},{"code":{"coding":[{"system":"http://snomed.info/sct","code":"386053000","display":"Evaluation procedure (procedure)"}]},"definitionCanonical":"https://www.medizin.uni-greifswald.de/fhir/guideline/cll/ActivityDefinition/BinetStagingCLL"}]}