{"resourceType":"PlanDefinition","id":"QICLLErstlinienTherapie","meta":{"profile":["https://www.netzwerk-universitaetsmedizin.de/fhir/cpg-on-ebm-on-fhir/StructureDefinition/recommendation-plan"]},"extension":[{"url":"http://hl7.org/fhir/uv/cpg/StructureDefinition/cpg-partOf","valueCanonical":"https://www.medizin.uni-greifswald.de/fhir/guideline/cll/PlanDefinition/RecCollectionQIMedikationErstlinienTherapie"},{"extension":[{"url":"method","valueCodeableConcept":{"coding":[{"system":"https://www.netzwerk-universitaetsmedizin.de/fhir/cpg-on-ebm-on-fhir/CodeSystem/cs-action-combination-method","code":"exactly"}]}},{"url":"threshold","valuePositiveInt":1}],"url":"https://www.netzwerk-universitaetsmedizin.de/fhir/cpg-on-ebm-on-fhir/StructureDefinition/ext-action-combination-method"},{"url":"http://hl7.org/fhir/uv/cpg/StructureDefinition/cpg-knowledgeCapability","valueCode":"computable"},{"url":"http://hl7.org/fhir/uv/cpg/StructureDefinition/cpg-knowledgeRepresentationLevel","valueCode":"structured"}],"url":"https://www.medizin.uni-greifswald.de/fhir/guideline/cll/PlanDefinition/QICLLErstlinienTherapie","version":"Langversion 2.01","name":"QICLLErstlinienTherapie","title":"QI 5: Bcl-2- oder BTK-Inhibitor-basierten Therapie als Erstlinientherapie (neu 2024)","type":{"coding":[{"system":"http://terminology.hl7.org/CodeSystem/plan-definition-type","code":"eca-rule"}]},"status":"active","experimental":false,"subjectCanonical":"https://www.medizin.uni-greifswald.de/fhir/guideline/cll/EvidenceVariable/PopulationQIMedikationErstlinienTherapie","date":"2024-07","publisher":"https://www.leitlinienprogramm-onkologie.de/leitlinien/s3-leitlinie-zur-diagnostik-therapie-und-nachsorge-fuer-patienten-mit-einer-chronischen-lymphatischen-leukaemie-cll","description":"Patient*innen mit CLL sollen in der Erstlinienbehandlung mit einer Bcl-2- oder BTK-Inhibitor-basierten Therapie behandelt werden.","action":[{"code":{"coding":[{"system":"http://snomed.info/sct","code":"432102000","display":"Administration of substance (procedure)"}]},"definitionCanonical":"https://www.medizin.uni-greifswald.de/fhir/guideline/cll/ActivityDefinition/ErstlinieMitBCL2beiCLL"},{"code":{"coding":[{"system":"http://snomed.info/sct","code":"432102000","display":"Administration of substance (procedure)"}]},"definitionCanonical":"https://www.medizin.uni-greifswald.de/fhir/guideline/cll/ActivityDefinition/ErstlinieMitBTKbeiCLL"}]}