{"resourceType":"PlanDefinition","id":"QIMutationsstatusVorTherapie","meta":{"profile":["https://www.netzwerk-universitaetsmedizin.de/fhir/cpg-on-ebm-on-fhir/StructureDefinition/recommendation-plan"]},"extension":[{"url":"http://hl7.org/fhir/uv/cpg/StructureDefinition/cpg-partOf","valueCanonical":"https://www.medizin.uni-greifswald.de/fhir/guideline/cll/PlanDefinition/RecCollectionQIMutationsstatusVorTherapie"},{"extension":[{"url":"method","valueCodeableConcept":{"coding":[{"system":"https://www.netzwerk-universitaetsmedizin.de/fhir/cpg-on-ebm-on-fhir/CodeSystem/cs-action-combination-method","code":"all"}]}}],"url":"https://www.netzwerk-universitaetsmedizin.de/fhir/cpg-on-ebm-on-fhir/StructureDefinition/ext-action-combination-method"},{"url":"http://hl7.org/fhir/uv/cpg/StructureDefinition/cpg-knowledgeCapability","valueCode":"computable"},{"url":"http://hl7.org/fhir/uv/cpg/StructureDefinition/cpg-knowledgeRepresentationLevel","valueCode":"structured"}],"url":"https://www.medizin.uni-greifswald.de/fhir/guideline/cll/PlanDefinition/QIMutationsstatusVorTherapie","version":"Langversion 2.01","name":"UntersuchungenVorCLLPlanungOnkoTherapie","title":"QI 2: Bestimmung TP53-Deletions- und TP53-/IGHV-Mutationsstatus vor erster systemischer CLL-Therapie (modifiziert 2024)","type":{"coding":[{"system":"http://terminology.hl7.org/CodeSystem/plan-definition-type","code":"eca-rule"}]},"status":"active","experimental":false,"subjectCanonical":"https://www.medizin.uni-greifswald.de/fhir/guideline/cll/EvidenceVariable/PopulationQIMutationsstatusVorTherapie","date":"2024-07","publisher":"https://www.leitlinienprogramm-onkologie.de/leitlinien/s3-leitlinie-zur-diagnostik-therapie-und-nachsorge-fuer-patienten-mit-einer-chronischen-lymphatischen-leukaemie-cll","description":"Folgende Untersuchungsverfahren sollen vor Einleitung einer neuen Therapielinie zur Anwendung kommen: (I) Bestimmung des TP53-Deletions- und Mutationsstatus (FISH hinsichtlich del(17)(p13) und TP53-Mutationsanalyse); (II) Erhebung des IGHV-Mutationsstatus (sofern noch nicht bekannt)","action":[{"code":{"coding":[{"system":"http://snomed.info/sct","code":"386053000","display":"Evaluation procedure (procedure)"}]},"definitionCanonical":"https://www.medizin.uni-greifswald.de/fhir/guideline/cll/ActivityDefinition/TP53andDEL17pCLL"},{"code":{"coding":[{"system":"http://snomed.info/sct","code":"386053000","display":"Evaluation procedure (procedure)"}]},"definitionCanonical":"https://www.medizin.uni-greifswald.de/fhir/guideline/cll/ActivityDefinition/IGHVmutationCLL"}]}