{"resourceType":"PlanDefinition","id":"RecCollectionRezidivtherapieBCL2undBTKbeiCLL","meta":{"profile":["https://www.netzwerk-universitaetsmedizin.de/fhir/cpg-on-ebm-on-fhir/StructureDefinition/recommendation"]},"extension":[{"extension":[{"url":"method","valueCodeableConcept":{"coding":[{"system":"https://www.netzwerk-universitaetsmedizin.de/fhir/cpg-on-ebm-on-fhir/CodeSystem/cs-action-combination-method","code":"all"}]}}],"url":"https://www.netzwerk-universitaetsmedizin.de/fhir/cpg-on-ebm-on-fhir/StructureDefinition/ext-action-combination-method"},{"url":"http://hl7.org/fhir/uv/cpg/StructureDefinition/cpg-knowledgeCapability","valueCode":"computable"},{"url":"http://hl7.org/fhir/uv/cpg/StructureDefinition/cpg-knowledgeRepresentationLevel","valueCode":"structured"}],"url":"https://www.medizin.uni-greifswald.de/fhir/guideline/cll/PlanDefinition/RecCollectionRezidivtherapieBCL2undBTKbeiCLL","version":"Langversion 2.01","name":"RecommendationCollection5_4","title":"Recommendation Collection CLL: Rezidivbehandlung mit BCL-2-Inhib. Oder BTK-Inhibitor (5.4)","type":{"coding":[{"system":"http://terminology.hl7.org/CodeSystem/plan-definition-type","code":"workflow-definition"}]},"status":"active","experimental":false,"date":"2024-05-06","publisher":"https://www.leitlinienprogramm-onkologie.de/leitlinien/s3-leitlinie-zur-diagnostik-therapie-und-nachsorge-fuer-patienten-mit-einer-chronischen-lymphatischen-leukaemie-cll","description":"Als Rezidivtherapie sollen die zeitlich begrenzte, Venetoclax- basierte Behandlung oder die Dauertherapien mit einem BTK-Inhibitor (Acalabrutinib, Zanubrutinib, Ibrutinib) einer Chemoimmuntherapie vorgezogen werden.","action":[{"title":"RezidivBehandlungBCL2undBTKbeiCLL","description":"Patient*innen mit CLL sollen in der Rezidivbehandlung mit einer BCL-2-Inhibitor- und/oder BTK-Inhibitor-basierten Therapie behandelt werden.","code":{"coding":[{"system":"http://hl7.org/fhir/uv/cpg/CodeSystem/cpg-common-process","code":"guideline-based-care"}]},"definitionCanonical":"https://www.medizin.uni-greifswald.de/fhir/guideline/cll/PlanDefinition/RezidivBehandlungBCL2undBTKbeiCLL"}]}