{
  "resourceType" : "EvidenceVariable",
  "id" : "PopulationCLLOnkoTherapieIdelalisib",
  "meta" : {
    "profile" : ["https://www.netzwerk-universitaetsmedizin.de/fhir/cpg-on-ebm-on-fhir/StructureDefinition/recommendation-eligibility-criteria"]
  },
  "text" : {
    "status" : "generated",
    "div" : "<div xmlns=\"http://www.w3.org/1999/xhtml\"><p class=\"res-header-id\"><b>Generated Narrative: EvidenceVariable PopulationCLLOnkoTherapieIdelalisib</b></p><a name=\"PopulationCLLOnkoTherapieIdelalisib\"> </a><a name=\"hcPopulationCLLOnkoTherapieIdelalisib\"> </a><a name=\"PopulationCLLOnkoTherapieIdelalisib-en-US\"> </a><p><b>url</b>: <a href=\"EvidenceVariable-PopulationCLLOnkoTherapieIdelalisib.html\">EvidenceVariable Population: CLL onkologische Therapielinie mit Idelalisib Frauen</a></p><p><b>name</b>: PopulationCLLOnkoTherapieIdelalisib</p><p><b>title</b>: Population: CLL onkologische Therapielinie mit Idelalisib Frauen</p><p><b>status</b>: Active</p><p><b>date</b>: 2025-01-16 09:02:23+0000</p><p><b>description</b>: </p><div><p>Population, die eine Chronisch Lymphatische Leukämie hat und die mit Idelalisib behandelt werden</p>\n</div><p><b>actual</b>: false</p><blockquote><p><b>characteristic</b></p><blockquote><p><b>definitionByCombination</b></p><p><b>code</b>: All of</p><blockquote><p><b>characteristic</b></p><p><b>exclude</b>: false</p><h3>DefinitionByTypeAndValues</h3><table class=\"grid\"><tr><td style=\"display: none\">-</td><td><b>Type</b></td><td><b>Value[x]</b></td></tr><tr><td style=\"display: none\">*</td><td><span title=\"Codes:{http://snomed.info/sct 404684003}\">Clinical finding (finding)</span></td><td><span title=\"Codes:{http://snomed.info/sct 92814006}\">Chronic lymphoid leukaemia, disease</span></td></tr></table></blockquote><blockquote><p><b>characteristic</b></p><h3>DefinitionByTypeAndValues</h3><table class=\"grid\"><tr><td style=\"display: none\">-</td><td><b>Type</b></td><td><b>Value[x]</b></td></tr><tr><td style=\"display: none\">*</td><td><span title=\"Codes:{http://snomed.info/sct 432102000}\">Administration of substance (procedure)</span></td><td><span title=\"Codes:{http://snomed.info/sct 710278000}\">Idelalisib</span></td></tr></table></blockquote></blockquote></blockquote></div>"
  },
  "url" : "https://www.medizin.uni-greifswald.de/fhir/guideline/cll/EvidenceVariable/PopulationCLLOnkoTherapieIdelalisib",
  "name" : "PopulationCLLOnkoTherapieIdelalisib",
  "title" : "Population: CLL onkologische Therapielinie mit Idelalisib Frauen",
  "status" : "active",
  "date" : "2025-01-16T09:02:23+00:00",
  "description" : "Population, die eine Chronisch Lymphatische Leukämie hat und die mit Idelalisib behandelt werden",
  "actual" : false,
  "characteristic" : [{
    "definitionByCombination" : {
      "code" : "all-of",
      "characteristic" : [{
        "exclude" : false,
        "definitionByTypeAndValue" : {
          "type" : {
            "coding" : [{
              "system" : "http://snomed.info/sct",
              "code" : "404684003",
              "display" : "Clinical finding (finding)"
            }]
          },
          "valueCodeableConcept" : {
            "coding" : [{
              "system" : "http://snomed.info/sct",
              "code" : "92814006",
              "display" : "Chronic lymphoid leukaemia, disease"
            }]
          }
        }
      },
      {
        "definitionByTypeAndValue" : {
          "type" : {
            "coding" : [{
              "system" : "http://snomed.info/sct",
              "code" : "432102000",
              "display" : "Administration of substance (procedure)"
            }]
          },
          "valueCodeableConcept" : {
            "coding" : [{
              "system" : "http://snomed.info/sct",
              "code" : "710278000",
              "display" : "Idelalisib"
            }]
          }
        }
      }]
    }
  }]
}