{
  "resourceType" : "PlanDefinition",
  "id" : "UntersuchungenVorCLLPlanungOnkoTherapie",
  "meta" : {
    "profile" : ["https://www.netzwerk-universitaetsmedizin.de/fhir/cpg-on-ebm-on-fhir/StructureDefinition/recommendation-plan"]
  },
  "text" : {
    "status" : "extensions",
    "div" : "<div xmlns=\"http://www.w3.org/1999/xhtml\"><p class=\"res-header-id\"><b>Generated Narrative: PlanDefinition UntersuchungenVorCLLPlanungOnkoTherapie</b></p><a name=\"UntersuchungenVorCLLPlanungOnkoTherapie\"> </a><a name=\"hcUntersuchungenVorCLLPlanungOnkoTherapie\"> </a><a name=\"UntersuchungenVorCLLPlanungOnkoTherapie-en-US\"> </a><p><b>partOf</b>: <a href=\"PlanDefinition-RecCollectionUntersuchungenVorCLLPlanungOnkoTherapie.html\">Recommendation Collection CLL: Untersuchungen vor Therapieeinleitung (3.11)</a></p><blockquote><p><b>Action Combination Method</b></p><ul><li>method: <span title=\"Codes:{https://www.netzwerk-universitaetsmedizin.de/fhir/cpg-on-ebm-on-fhir/CodeSystem/cs-action-combination-method all}\">All</span></li></ul></blockquote><p><b>knowledgeCapability</b>: computable</p><p><b>knowledgeRepresentationLevel</b>: structured</p><p><b>url</b>: <a href=\"PlanDefinition-UntersuchungenVorCLLPlanungOnkoTherapie.html\">PlanDefinition Untersuchung vor Einleitung einer CLL Therapielinie </a></p><p><b>version</b>: Langversion 2.01</p><p><b>name</b>: UntersuchungenVorCLLPlanungOnkoTherapie</p><p><b>title</b>: Untersuchung vor Einleitung einer CLL Therapielinie </p><p><b>type</b>: <span title=\"Codes:{http://terminology.hl7.org/CodeSystem/plan-definition-type eca-rule}\">ECA Rule</span></p><p><b>status</b>: Active</p><p><b>experimental</b>: false</p><p><b>subject</b>: <a href=\"EvidenceVariable-PopulationCLLPlanungOnkoTherapie.html\">Population: CLL und Planung Onkologische Therapielinie</a></p><p><b>date</b>: 2023-05</p><p><b>publisher</b>: https://www.leitlinienprogramm-onkologie.de/leitlinien/s3-leitlinie-zur-diagnostik-therapie-und-nachsorge-fuer-patienten-mit-einer-chronischen-lymphatischen-leukaemie-cll</p><p><b>description</b>: </p><div><p>Untersuchung die vor der Einleitung einer CLL Therapielinie vorliegen sollen</p>\n</div><blockquote><p><b>action</b></p><p><b>code</b>: <span title=\"Codes:{http://snomed.info/sct 386053000}\">Evaluation procedure (procedure)</span></p><p><b>definition</b>: <a href=\"ActivityDefinition-HistoryTakingCLL.html\">History Taking CLL</a></p></blockquote><blockquote><p><b>action</b></p><p><b>code</b>: <span title=\"Codes:{http://snomed.info/sct 386053000}\">Evaluation procedure (procedure)</span></p><p><b>definition</b>: <a href=\"ActivityDefinition-PhysicalExaminationCLL.html\">Physical Examination CLL</a></p></blockquote><blockquote><p><b>action</b></p><p><b>code</b>: <span title=\"Codes:{http://snomed.info/sct 386053000}\">Evaluation procedure (procedure)</span></p><p><b>definition</b>: <a href=\"ActivityDefinition-ExaminationLymphaticNodesCLL.html\">Examination Lymphatic nodes CLL</a></p></blockquote><blockquote><p><b>action</b></p><p><b>code</b>: <span title=\"Codes:{http://snomed.info/sct 386053000}\">Evaluation procedure (procedure)</span></p><p><b>definition</b>: <a href=\"ActivityDefinition-ExaminationSpleenSizeCLL.html\">Examination spleen size CLL</a></p></blockquote><blockquote><p><b>action</b></p><p><b>code</b>: <span title=\"Codes:{http://snomed.info/sct 386053000}\">Evaluation procedure (procedure)</span></p><p><b>definition</b>: <a href=\"ActivityDefinition-ExaminationLiverSizeCLL.html\">Examination liver size CLL</a></p></blockquote><blockquote><p><b>action</b></p><p><b>code</b>: <span title=\"Codes:{http://snomed.info/sct 386053000}\">Evaluation procedure (procedure)</span></p><p><b>definition</b>: <a href=\"ActivityDefinition-AbdomialUltrasonographyCLL.html\">Abdomial Ultrasonography CLL</a></p></blockquote><blockquote><p><b>action</b></p><blockquote><p><b>Action Combination Method</b></p><ul><li>method: <span title=\"Codes:{https://www.netzwerk-universitaetsmedizin.de/fhir/cpg-on-ebm-on-fhir/CodeSystem/cs-action-combination-method one-or-more}\">One or More</span></li></ul></blockquote><p><b>code</b>: <span title=\"Codes:{http://snomed.info/sct 89780004}\">Combined (qualifier value)</span></p><h3>Actions</h3><table class=\"grid\"><tr><td style=\"display: none\">-</td><td><b>Code</b></td><td><b>Definition[x]</b></td></tr><tr><td style=\"display: none\">*</td><td><span title=\"Codes:{http://snomed.info/sct 386053000}\">Evaluation procedure (procedure)</span></td><td><a href=\"ActivityDefinition-AssessmentECOGScoreCLL.html\">Assesment ECOG Score CLL</a></td></tr><tr><td style=\"display: none\">*</td><td><span title=\"Codes:{http://snomed.info/sct 386053000}\">Evaluation procedure (procedure)</span></td><td><a href=\"ActivityDefinition-AssessmentKarnofskyIndexCLL.html\">Assesment Karnofsky-Index CLL</a></td></tr></table></blockquote><blockquote><p><b>action</b></p><p><b>code</b>: <span title=\"Codes:{http://snomed.info/sct 386053000}\">Evaluation procedure (procedure)</span></p><p><b>definition</b>: <a href=\"ActivityDefinition-AssessmentComorbiditiesCLL.html\">Assesment Comorbidities CLL</a></p></blockquote><blockquote><p><b>action</b></p><p><b>code</b>: <span title=\"Codes:{http://snomed.info/sct 386053000}\">Evaluation procedure (procedure)</span></p><p><b>definition</b>: <a href=\"ActivityDefinition-CompleteBloodCountAutomatedCLL.html\">Complete Blood Count and White cell Differential Automated CLL</a></p></blockquote><blockquote><p><b>action</b></p><p><b>code</b>: <span title=\"Codes:{http://snomed.info/sct 386053000}\">Evaluation procedure (procedure)</span></p><p><b>definition</b>: <a href=\"ActivityDefinition-MicroscopyWhiteBloodCellCountCLL.html\">White cell Differential Microscopy CLL</a></p></blockquote><blockquote><p><b>action</b></p><p><b>code</b>: <span title=\"Codes:{http://snomed.info/sct 386053000}\">Evaluation procedure (procedure)</span></p><p><b>definition</b>: <a href=\"ActivityDefinition-ClinicalChemistryTestCLL.html\">Clinical Chemistry Test CLL</a></p></blockquote><blockquote><p><b>action</b></p><p><b>code</b>: <span title=\"Codes:{http://snomed.info/sct 386053000}\">Evaluation procedure (procedure)</span></p><p><b>definition</b>: <a href=\"ActivityDefinition-HIVSerologyCLL.html\">HIV Serology CLL</a></p></blockquote><blockquote><p><b>action</b></p><p><b>code</b>: <span title=\"Codes:{http://snomed.info/sct 386053000}\">Evaluation procedure (procedure)</span></p><p><b>definition</b>: <a href=\"ActivityDefinition-HBVSerologyCLL.html\">HBV Serology CLL</a></p></blockquote><blockquote><p><b>action</b></p><p><b>code</b>: <span title=\"Codes:{http://snomed.info/sct 386053000}\">Evaluation procedure (procedure)</span></p><p><b>definition</b>: <a href=\"ActivityDefinition-HCVSerologyCLL.html\">HCV Serology CLL</a></p></blockquote><blockquote><p><b>action</b></p><p><b>code</b>: <span title=\"Codes:{http://snomed.info/sct 386053000}\">Evaluation procedure (procedure)</span></p><p><b>definition</b>: <a href=\"ActivityDefinition-HEVSerologyCLL.html\">HEV Serology CLL</a></p></blockquote><blockquote><p><b>action</b></p><p><b>code</b>: <span title=\"Codes:{http://snomed.info/sct 386053000}\">Evaluation procedure (procedure)</span></p><p><b>definition</b>: <a href=\"ActivityDefinition-BinetStagingCLL.html\">Binet Staging CLL</a></p></blockquote></div>"
  },
  "extension" : [{
    "url" : "http://hl7.org/fhir/uv/cpg/StructureDefinition/cpg-partOf",
    "valueCanonical" : "https://www.medizin.uni-greifswald.de/fhir/guideline/cll/PlanDefinition/RecCollectionUntersuchungenVorCLLPlanungOnkoTherapie"
  },
  {
    "extension" : [{
      "url" : "method",
      "valueCodeableConcept" : {
        "coding" : [{
          "system" : "https://www.netzwerk-universitaetsmedizin.de/fhir/cpg-on-ebm-on-fhir/CodeSystem/cs-action-combination-method",
          "code" : "all"
        }]
      }
    }],
    "url" : "https://www.netzwerk-universitaetsmedizin.de/fhir/cpg-on-ebm-on-fhir/StructureDefinition/ext-action-combination-method"
  },
  {
    "url" : "http://hl7.org/fhir/uv/cpg/StructureDefinition/cpg-knowledgeCapability",
    "valueCode" : "computable"
  },
  {
    "url" : "http://hl7.org/fhir/uv/cpg/StructureDefinition/cpg-knowledgeRepresentationLevel",
    "valueCode" : "structured"
  }],
  "url" : "https://www.medizin.uni-greifswald.de/fhir/guideline/cll/PlanDefinition/UntersuchungenVorCLLPlanungOnkoTherapie",
  "version" : "Langversion 2.01",
  "name" : "UntersuchungenVorCLLPlanungOnkoTherapie",
  "title" : "Untersuchung vor Einleitung einer CLL Therapielinie ",
  "type" : {
    "coding" : [{
      "system" : "http://terminology.hl7.org/CodeSystem/plan-definition-type",
      "code" : "eca-rule"
    }]
  },
  "status" : "active",
  "experimental" : false,
  "subjectCanonical" : "https://www.medizin.uni-greifswald.de/fhir/guideline/cll/EvidenceVariable/PopulationCLLPlanungOnkoTherapie",
  "date" : "2023-05",
  "publisher" : "https://www.leitlinienprogramm-onkologie.de/leitlinien/s3-leitlinie-zur-diagnostik-therapie-und-nachsorge-fuer-patienten-mit-einer-chronischen-lymphatischen-leukaemie-cll",
  "description" : "Untersuchung die vor der Einleitung einer CLL Therapielinie vorliegen sollen",
  "action" : [{
    "code" : {
      "coding" : [{
        "system" : "http://snomed.info/sct",
        "code" : "386053000",
        "display" : "Evaluation procedure (procedure)"
      }]
    },
    "definitionCanonical" : "https://www.medizin.uni-greifswald.de/fhir/guideline/cll/ActivityDefinition/HistoryTakingCLL"
  },
  {
    "code" : {
      "coding" : [{
        "system" : "http://snomed.info/sct",
        "code" : "386053000",
        "display" : "Evaluation procedure (procedure)"
      }]
    },
    "definitionCanonical" : "https://www.medizin.uni-greifswald.de/fhir/guideline/cll/ActivityDefinition/PhysicalExaminationCLL"
  },
  {
    "code" : {
      "coding" : [{
        "system" : "http://snomed.info/sct",
        "code" : "386053000",
        "display" : "Evaluation procedure (procedure)"
      }]
    },
    "definitionCanonical" : "https://www.medizin.uni-greifswald.de/fhir/guideline/cll/ActivityDefinition/ExaminationLymphaticNodesCLL"
  },
  {
    "code" : {
      "coding" : [{
        "system" : "http://snomed.info/sct",
        "code" : "386053000",
        "display" : "Evaluation procedure (procedure)"
      }]
    },
    "definitionCanonical" : "https://www.medizin.uni-greifswald.de/fhir/guideline/cll/ActivityDefinition/ExaminationSpleenSizeCLL"
  },
  {
    "code" : {
      "coding" : [{
        "system" : "http://snomed.info/sct",
        "code" : "386053000",
        "display" : "Evaluation procedure (procedure)"
      }]
    },
    "definitionCanonical" : "https://www.medizin.uni-greifswald.de/fhir/guideline/cll/ActivityDefinition/ExaminationLiverSizeCLL"
  },
  {
    "code" : {
      "coding" : [{
        "system" : "http://snomed.info/sct",
        "code" : "386053000",
        "display" : "Evaluation procedure (procedure)"
      }]
    },
    "definitionCanonical" : "https://www.medizin.uni-greifswald.de/fhir/guideline/cll/ActivityDefinition/AbdomialUltrasonographyCLL"
  },
  {
    "extension" : [{
      "extension" : [{
        "url" : "method",
        "valueCodeableConcept" : {
          "coding" : [{
            "system" : "https://www.netzwerk-universitaetsmedizin.de/fhir/cpg-on-ebm-on-fhir/CodeSystem/cs-action-combination-method",
            "code" : "one-or-more"
          }]
        }
      }],
      "url" : "https://www.netzwerk-universitaetsmedizin.de/fhir/cpg-on-ebm-on-fhir/StructureDefinition/ext-action-combination-method"
    }],
    "code" : {
      "coding" : [{
        "system" : "http://snomed.info/sct",
        "code" : "89780004",
        "display" : "Combined (qualifier value)"
      }]
    },
    "action" : [{
      "code" : {
        "coding" : [{
          "system" : "http://snomed.info/sct",
          "code" : "386053000",
          "display" : "Evaluation procedure (procedure)"
        }]
      },
      "definitionCanonical" : "https://www.medizin.uni-greifswald.de/fhir/guideline/cll/ActivityDefinition/AssessmentECOGScoreCLL"
    },
    {
      "code" : {
        "coding" : [{
          "system" : "http://snomed.info/sct",
          "code" : "386053000",
          "display" : "Evaluation procedure (procedure)"
        }]
      },
      "definitionCanonical" : "https://www.medizin.uni-greifswald.de/fhir/guideline/cll/ActivityDefinition/AssessmentKarnofskyIndexCLL"
    }]
  },
  {
    "code" : {
      "coding" : [{
        "system" : "http://snomed.info/sct",
        "code" : "386053000",
        "display" : "Evaluation procedure (procedure)"
      }]
    },
    "definitionCanonical" : "https://www.medizin.uni-greifswald.de/fhir/guideline/cll/ActivityDefinition/AssessmentComorbiditiesCLL"
  },
  {
    "code" : {
      "coding" : [{
        "system" : "http://snomed.info/sct",
        "code" : "386053000",
        "display" : "Evaluation procedure (procedure)"
      }]
    },
    "definitionCanonical" : "https://www.medizin.uni-greifswald.de/fhir/guideline/cll/ActivityDefinition/CompleteBloodCountAutomatedCLL"
  },
  {
    "code" : {
      "coding" : [{
        "system" : "http://snomed.info/sct",
        "code" : "386053000",
        "display" : "Evaluation procedure (procedure)"
      }]
    },
    "definitionCanonical" : "https://www.medizin.uni-greifswald.de/fhir/guideline/cll/ActivityDefinition/MicroscopyWhiteBloodCellCountCLL"
  },
  {
    "code" : {
      "coding" : [{
        "system" : "http://snomed.info/sct",
        "code" : "386053000",
        "display" : "Evaluation procedure (procedure)"
      }]
    },
    "definitionCanonical" : "https://www.medizin.uni-greifswald.de/fhir/guideline/cll/ActivityDefinition/ClinicalChemistryTestCLL"
  },
  {
    "code" : {
      "coding" : [{
        "system" : "http://snomed.info/sct",
        "code" : "386053000",
        "display" : "Evaluation procedure (procedure)"
      }]
    },
    "definitionCanonical" : "https://www.medizin.uni-greifswald.de/fhir/guideline/cll/ActivityDefinition/HIVSerologyCLL"
  },
  {
    "code" : {
      "coding" : [{
        "system" : "http://snomed.info/sct",
        "code" : "386053000",
        "display" : "Evaluation procedure (procedure)"
      }]
    },
    "definitionCanonical" : "https://www.medizin.uni-greifswald.de/fhir/guideline/cll/ActivityDefinition/HBVSerologyCLL"
  },
  {
    "code" : {
      "coding" : [{
        "system" : "http://snomed.info/sct",
        "code" : "386053000",
        "display" : "Evaluation procedure (procedure)"
      }]
    },
    "definitionCanonical" : "https://www.medizin.uni-greifswald.de/fhir/guideline/cll/ActivityDefinition/HCVSerologyCLL"
  },
  {
    "code" : {
      "coding" : [{
        "system" : "http://snomed.info/sct",
        "code" : "386053000",
        "display" : "Evaluation procedure (procedure)"
      }]
    },
    "definitionCanonical" : "https://www.medizin.uni-greifswald.de/fhir/guideline/cll/ActivityDefinition/HEVSerologyCLL"
  },
  {
    "code" : {
      "coding" : [{
        "system" : "http://snomed.info/sct",
        "code" : "386053000",
        "display" : "Evaluation procedure (procedure)"
      }]
    },
    "definitionCanonical" : "https://www.medizin.uni-greifswald.de/fhir/guideline/cll/ActivityDefinition/BinetStagingCLL"
  }]
}