{
  "resourceType" : "PlanDefinition",
  "id" : "QIMutationsstatusVorTherapie",
  "meta" : {
    "profile" : ["https://www.netzwerk-universitaetsmedizin.de/fhir/cpg-on-ebm-on-fhir/StructureDefinition/recommendation-plan"]
  },
  "text" : {
    "status" : "extensions",
    "div" : "<div xmlns=\"http://www.w3.org/1999/xhtml\"><p class=\"res-header-id\"><b>Generated Narrative: PlanDefinition QIMutationsstatusVorTherapie</b></p><a name=\"QIMutationsstatusVorTherapie\"> </a><a name=\"hcQIMutationsstatusVorTherapie\"> </a><a name=\"QIMutationsstatusVorTherapie-en-US\"> </a><p><b>partOf</b>: <a href=\"PlanDefinition-RecCollectionQIMutationsstatusVorTherapie.html\">QI 2: Bestimmung TP53-Deletions- und TP53-/IGHV-Mutationsstatus vor erster systemischer CLL-Therapie (modifiziert 2024)</a></p><blockquote><p><b>Action Combination Method</b></p><ul><li>method: <span title=\"Codes:{https://www.netzwerk-universitaetsmedizin.de/fhir/cpg-on-ebm-on-fhir/CodeSystem/cs-action-combination-method all}\">All</span></li></ul></blockquote><p><b>knowledgeCapability</b>: computable</p><p><b>knowledgeRepresentationLevel</b>: structured</p><p><b>url</b>: <a href=\"PlanDefinition-QIMutationsstatusVorTherapie.html\">PlanDefinition QI 2: Bestimmung TP53-Deletions- und TP53-/IGHV-Mutationsstatus vor erster systemischer CLL-Therapie (modifiziert 2024)</a></p><p><b>version</b>: Langversion 2.01</p><p><b>name</b>: UntersuchungenVorCLLPlanungOnkoTherapie</p><p><b>title</b>: QI 2: Bestimmung TP53-Deletions- und TP53-/IGHV-Mutationsstatus vor erster systemischer CLL-Therapie (modifiziert 2024)</p><p><b>type</b>: <span title=\"Codes:{http://terminology.hl7.org/CodeSystem/plan-definition-type eca-rule}\">ECA Rule</span></p><p><b>status</b>: Active</p><p><b>experimental</b>: false</p><p><b>subject</b>: <a href=\"EvidenceVariable-PopulationQIMutationsstatusVorTherapie.html\">Population Genetischer Mutationsstatus vor Therapie</a></p><p><b>date</b>: 2024-07</p><p><b>publisher</b>: https://www.leitlinienprogramm-onkologie.de/leitlinien/s3-leitlinie-zur-diagnostik-therapie-und-nachsorge-fuer-patienten-mit-einer-chronischen-lymphatischen-leukaemie-cll</p><p><b>description</b>: </p><div><p>Folgende Untersuchungsverfahren sollen vor Einleitung einer neuen Therapielinie zur Anwendung kommen: (I) Bestimmung des TP53-Deletions- und Mutationsstatus (FISH hinsichtlich del(17)(p13) und TP53-Mutationsanalyse); (II) Erhebung des IGHV-Mutationsstatus (sofern noch nicht bekannt)</p>\n</div><blockquote><p><b>action</b></p><p><b>code</b>: <span title=\"Codes:{http://snomed.info/sct 386053000}\">Evaluation procedure (procedure)</span></p><p><b>definition</b>: <a href=\"ActivityDefinition-TP53andDEL17pCLL.html\">FISH hinsichtlich TP53 und DEL17p</a></p></blockquote><blockquote><p><b>action</b></p><p><b>code</b>: <span title=\"Codes:{http://snomed.info/sct 386053000}\">Evaluation procedure (procedure)</span></p><p><b>definition</b>: <a href=\"ActivityDefinition-IGHVmutationCLL.html\">IGHV-Mutationsstatus</a></p></blockquote></div>"
  },
  "extension" : [{
    "url" : "http://hl7.org/fhir/uv/cpg/StructureDefinition/cpg-partOf",
    "valueCanonical" : "https://www.medizin.uni-greifswald.de/fhir/guideline/cll/PlanDefinition/RecCollectionQIMutationsstatusVorTherapie"
  },
  {
    "extension" : [{
      "url" : "method",
      "valueCodeableConcept" : {
        "coding" : [{
          "system" : "https://www.netzwerk-universitaetsmedizin.de/fhir/cpg-on-ebm-on-fhir/CodeSystem/cs-action-combination-method",
          "code" : "all"
        }]
      }
    }],
    "url" : "https://www.netzwerk-universitaetsmedizin.de/fhir/cpg-on-ebm-on-fhir/StructureDefinition/ext-action-combination-method"
  },
  {
    "url" : "http://hl7.org/fhir/uv/cpg/StructureDefinition/cpg-knowledgeCapability",
    "valueCode" : "computable"
  },
  {
    "url" : "http://hl7.org/fhir/uv/cpg/StructureDefinition/cpg-knowledgeRepresentationLevel",
    "valueCode" : "structured"
  }],
  "url" : "https://www.medizin.uni-greifswald.de/fhir/guideline/cll/PlanDefinition/QIMutationsstatusVorTherapie",
  "version" : "Langversion 2.01",
  "name" : "UntersuchungenVorCLLPlanungOnkoTherapie",
  "title" : "QI 2: Bestimmung TP53-Deletions- und TP53-/IGHV-Mutationsstatus vor erster systemischer CLL-Therapie (modifiziert 2024)",
  "type" : {
    "coding" : [{
      "system" : "http://terminology.hl7.org/CodeSystem/plan-definition-type",
      "code" : "eca-rule"
    }]
  },
  "status" : "active",
  "experimental" : false,
  "subjectCanonical" : "https://www.medizin.uni-greifswald.de/fhir/guideline/cll/EvidenceVariable/PopulationQIMutationsstatusVorTherapie",
  "date" : "2024-07",
  "publisher" : "https://www.leitlinienprogramm-onkologie.de/leitlinien/s3-leitlinie-zur-diagnostik-therapie-und-nachsorge-fuer-patienten-mit-einer-chronischen-lymphatischen-leukaemie-cll",
  "description" : "Folgende Untersuchungsverfahren sollen vor Einleitung einer neuen Therapielinie zur Anwendung kommen: (I) Bestimmung des TP53-Deletions- und Mutationsstatus (FISH hinsichtlich del(17)(p13) und TP53-Mutationsanalyse); (II) Erhebung des IGHV-Mutationsstatus (sofern noch nicht bekannt)",
  "action" : [{
    "code" : {
      "coding" : [{
        "system" : "http://snomed.info/sct",
        "code" : "386053000",
        "display" : "Evaluation procedure (procedure)"
      }]
    },
    "definitionCanonical" : "https://www.medizin.uni-greifswald.de/fhir/guideline/cll/ActivityDefinition/TP53andDEL17pCLL"
  },
  {
    "code" : {
      "coding" : [{
        "system" : "http://snomed.info/sct",
        "code" : "386053000",
        "display" : "Evaluation procedure (procedure)"
      }]
    },
    "definitionCanonical" : "https://www.medizin.uni-greifswald.de/fhir/guideline/cll/ActivityDefinition/IGHVmutationCLL"
  }]
}