{
  "resourceType" : "PlanDefinition",
  "id" : "RecCollectionTherapieplanungBinetCLL",
  "meta" : {
    "profile" : ["https://www.netzwerk-universitaetsmedizin.de/fhir/cpg-on-ebm-on-fhir/StructureDefinition/recommendation"]
  },
  "text" : {
    "status" : "extensions",
    "div" : "<div xmlns=\"http://www.w3.org/1999/xhtml\"><p class=\"res-header-id\"><b>Generated Narrative: PlanDefinition RecCollectionTherapieplanungBinetCLL</b></p><a name=\"RecCollectionTherapieplanungBinetCLL\"> </a><a name=\"hcRecCollectionTherapieplanungBinetCLL\"> </a><a name=\"RecCollectionTherapieplanungBinetCLL-en-US\"> </a><blockquote><p><b>Action Combination Method</b></p><ul><li>method: <span title=\"Codes:{https://www.netzwerk-universitaetsmedizin.de/fhir/cpg-on-ebm-on-fhir/CodeSystem/cs-action-combination-method all}\">All</span></li></ul></blockquote><p><b>knowledgeCapability</b>: computable</p><p><b>knowledgeRepresentationLevel</b>: structured</p><p><b>url</b>: <a href=\"PlanDefinition-RecCollectionTherapieplanungBinetCLL.html\">PlanDefinition Recommendation Collection CLL: Therapieindikation nach Binet Stadium (4.1)</a></p><p><b>version</b>: Langversion 2.01</p><p><b>name</b>: RecommendationCollection4_1</p><p><b>title</b>: Recommendation Collection CLL: Therapieindikation nach Binet Stadium (4.1)</p><p><b>type</b>: <span title=\"Codes:{http://terminology.hl7.org/CodeSystem/plan-definition-type workflow-definition}\">Workflow Definition</span></p><p><b>status</b>: Active</p><p><b>experimental</b>: false</p><p><b>date</b>: 2024-05-06</p><p><b>publisher</b>: https://www.leitlinienprogramm-onkologie.de/leitlinien/s3-leitlinie-zur-diagnostik-therapie-und-nachsorge-fuer-patienten-mit-einer-chronischen-lymphatischen-leukaemie-cll</p><p><b>description</b>: </p><div><p>Die Indikation zur Therapie besteht in Abhängigkeit der Symptomatik oder bei Übergang in Stadium Binet C</p>\n</div><blockquote><p><b>action</b></p><p><b>title</b>: CLLTherapieindikationBinetC</p><p><b>description</b>: </p><div><p>Die Indikation zur Therapie besteht bei Übergang in Stadium Binet C</p>\n</div><p><b>code</b>: <span title=\"Codes:{http://hl7.org/fhir/uv/cpg/CodeSystem/cpg-common-process guideline-based-care}\">Guideline-based Care</span></p><p><b>definition</b>: <a href=\"PlanDefinition-CLLTherapieindikationBinetC.html\">CLL Therapieindikation Binet C</a></p></blockquote><blockquote><p><b>action</b></p><p><b>title</b>: CLLTherapieindikationBinetAB</p><p><b>description</b>: </p><div><p>Die Indikation zur Therapie in Abhängigkeit der Symptomatik wenn Binet A oder B vorliegt</p>\n</div><p><b>code</b>: <span title=\"Codes:{http://hl7.org/fhir/uv/cpg/CodeSystem/cpg-common-process guideline-based-care}\">Guideline-based Care</span></p><p><b>definition</b>: <a href=\"PlanDefinition-CLLTherapieindikationBinetAB.html\">CLL Therapieindikation Binet A B</a></p></blockquote></div>"
  },
  "extension" : [{
    "extension" : [{
      "url" : "method",
      "valueCodeableConcept" : {
        "coding" : [{
          "system" : "https://www.netzwerk-universitaetsmedizin.de/fhir/cpg-on-ebm-on-fhir/CodeSystem/cs-action-combination-method",
          "code" : "all"
        }]
      }
    }],
    "url" : "https://www.netzwerk-universitaetsmedizin.de/fhir/cpg-on-ebm-on-fhir/StructureDefinition/ext-action-combination-method"
  },
  {
    "url" : "http://hl7.org/fhir/uv/cpg/StructureDefinition/cpg-knowledgeCapability",
    "valueCode" : "computable"
  },
  {
    "url" : "http://hl7.org/fhir/uv/cpg/StructureDefinition/cpg-knowledgeRepresentationLevel",
    "valueCode" : "structured"
  }],
  "url" : "https://www.netzwerk-universitaetsmedizin.de/fhir/codex-celida/guideline/covid19-inpatient-therapy/recommendation/therapeutic-anticoagulation",
  "version" : "Langversion 2.01",
  "name" : "RecommendationCollection4_1",
  "title" : "Recommendation Collection CLL: Therapieindikation nach Binet Stadium (4.1)",
  "type" : {
    "coding" : [{
      "system" : "http://terminology.hl7.org/CodeSystem/plan-definition-type",
      "code" : "workflow-definition"
    }]
  },
  "status" : "active",
  "experimental" : false,
  "date" : "2024-05-06",
  "publisher" : "https://www.leitlinienprogramm-onkologie.de/leitlinien/s3-leitlinie-zur-diagnostik-therapie-und-nachsorge-fuer-patienten-mit-einer-chronischen-lymphatischen-leukaemie-cll",
  "description" : "Die Indikation zur Therapie besteht in Abhängigkeit der Symptomatik oder bei Übergang in Stadium Binet C",
  "action" : [{
    "title" : "CLLTherapieindikationBinetC",
    "description" : "Die Indikation zur Therapie besteht bei Übergang in Stadium Binet C",
    "code" : {
      "coding" : [{
        "system" : "http://hl7.org/fhir/uv/cpg/CodeSystem/cpg-common-process",
        "code" : "guideline-based-care"
      }]
    },
    "definitionCanonical" : "https://www.medizin.uni-greifswald.de/fhir/guideline/cll/PlanDefinition/CLLTherapieindikationBinetC"
  },
  {
    "title" : "CLLTherapieindikationBinetAB",
    "description" : "Die Indikation zur Therapie in Abhängigkeit der Symptomatik wenn Binet A oder B vorliegt",
    "code" : {
      "coding" : [{
        "system" : "http://hl7.org/fhir/uv/cpg/CodeSystem/cpg-common-process",
        "code" : "guideline-based-care"
      }]
    },
    "definitionCanonical" : "https://www.medizin.uni-greifswald.de/fhir/guideline/cll/PlanDefinition/CLLTherapieindikationBinetAB"
  }]
}